dataset,task,condition,best_column,best_score,flags,caught
1027_ESL,regression,clean,in3,0.6388,,
1028_SWD,regression,clean,In3,0.2602,,
1029_LEV,regression,clean,In2,0.3302,,
1030_ERA,regression,clean,in2,0.4286,,
1199_BNG_echoMonths,regression,clean,still_alive,0.3993,,
1199_BNG_echoMonths,regression,leak,extra,1.0,leak:extra,1
1199_BNG_echoMonths,regression,leak_1,extra,0.9896,,0
1199_BNG_echoMonths,regression,leak_5,extra,0.9512,,0
1199_BNG_echoMonths,regression,id_run,still_alive,0.3993,id:extra,1
1199_BNG_echoMonths,regression,id_code,still_alive,0.3993,id:extra,1
1199_BNG_echoMonths,regression,copies_2,still_alive,0.4035,duplicates:,1
197_cpu_act,regression,clean,vflt,0.8104,,
201_pol,regression,clean,f5,0.3875,,
225_puma8NH,regression,clean,theta2,0.5027,,
225_puma8NH,regression,leak,extra,1.0,leak:extra,1
225_puma8NH,regression,leak_1,extra,0.9899,,0
225_puma8NH,regression,leak_5,extra,0.9531,,0
225_puma8NH,regression,id_run,theta2,0.5027,id:extra,1
225_puma8NH,regression,id_code,theta2,0.5027,id:extra,1
225_puma8NH,regression,copies_2,theta2,0.5006,duplicates:,1
227_cpu_small,regression,clean,runqsz,0.7444,,
229_pwLinear,regression,clean,a1,0.4679,,
229_pwLinear,regression,leak,extra,1.0,leak:extra,1
229_pwLinear,regression,leak_1,extra,0.9756,,0
229_pwLinear,regression,leak_5,extra,0.9432,,0
229_pwLinear,regression,id_run,a1,0.4679,id:extra,1
229_pwLinear,regression,id_code,a1,0.4679,id:extra,1
229_pwLinear,regression,copies_2,a1,0.4542,,0
230_machine_cpu,regression,clean,MMAX,0.807,,
294_satellite_image,regression,clean,attr20,0.7303,,
503_wind,regression,clean,CLO,0.8028,,
519_vinnie,regression,clean,field_goal_attempts,0.8649,,
522_pm10,regression,clean,cars_per_hour,0.35,,
529_pollen,regression,clean,RIDGE,0.5395,,
547_no2,regression,clean,cars_per_hour,0.5072,,
556_analcatdata_apnea2,regression,clean,Automatic,0.1685,,
556_analcatdata_apnea2,regression,leak,extra,1.0,leak:extra,1
556_analcatdata_apnea2,regression,leak_1,extra,0.987,,0
556_analcatdata_apnea2,regression,leak_5,extra,0.922,,0
556_analcatdata_apnea2,regression,id_run,Automatic,0.1685,id:extra,1
556_analcatdata_apnea2,regression,id_code,Automatic,0.1685,id:extra,1
556_analcatdata_apnea2,regression,copies_2,Scorer_1,0.1178,,0
557_analcatdata_apnea1,regression,clean,Scorer_2,0.1631,,
560_bodyfat,regression,clean,Density,0.9934,leak:Density,
561_cpu,regression,clean,MMAX,0.9406,duplicates:,
562_cpu_small,regression,clean,runqsz,0.7444,,
573_cpu_act,regression,clean,vflt,0.8104,,
579_fri_c0_250_5,regression,clean,oz4,0.5266,,
581_fri_c3_500_25,regression,clean,oz2,0.4585,,
581_fri_c3_500_25,regression,leak,extra,1.0,leak:extra,1
581_fri_c3_500_25,regression,leak_1,extra,0.9898,,0
581_fri_c3_500_25,regression,leak_5,extra,0.9636,,0
581_fri_c3_500_25,regression,id_run,oz2,0.4585,id:extra,1
581_fri_c3_500_25,regression,id_code,oz2,0.4585,id:extra,1
581_fri_c3_500_25,regression,copies_2,oz2,0.4617,duplicates:,1
582_fri_c1_500_25,regression,clean,oz4,0.4589,,
583_fri_c1_1000_50,regression,clean,oz2,0.4938,,
584_fri_c4_500_25,regression,clean,oz4,0.4427,,
586_fri_c3_1000_25,regression,clean,oz4,0.4619,,
588_fri_c4_1000_100,regression,clean,oz2,0.4685,,
589_fri_c2_1000_25,regression,clean,oz2,0.5817,,
589_fri_c2_1000_25,regression,leak,extra,1.0,leak:extra,1
589_fri_c2_1000_25,regression,leak_1,extra,0.997,leak:extra,1
589_fri_c2_1000_25,regression,leak_5,extra,0.9544,,0
589_fri_c2_1000_25,regression,id_run,oz2,0.5817,id:extra,1
589_fri_c2_1000_25,regression,id_code,oz2,0.5817,id:extra,1
589_fri_c2_1000_25,regression,copies_2,oz2,0.5721,duplicates:,1
590_fri_c0_1000_50,regression,clean,oz4,0.5661,,
592_fri_c4_1000_25,regression,clean,oz4,0.4315,,
593_fri_c1_1000_10,regression,clean,oz2,0.5179,,
595_fri_c0_1000_10,regression,clean,oz4,0.5591,,
595_fri_c0_1000_10,regression,leak,extra,1.0,leak:extra,1
595_fri_c0_1000_10,regression,leak_1,extra,0.9888,,0
595_fri_c0_1000_10,regression,leak_5,extra,0.9563,,0
595_fri_c0_1000_10,regression,id_run,oz4,0.5591,id:extra,1
595_fri_c0_1000_10,regression,id_code,oz4,0.5591,id:extra,1
595_fri_c0_1000_10,regression,copies_2,oz4,0.5595,duplicates:,1
596_fri_c2_250_5,regression,clean,oz2,0.5269,,
596_fri_c2_250_5,regression,leak,extra,1.0,leak:extra,1
596_fri_c2_250_5,regression,leak_1,extra,0.9883,,0
596_fri_c2_250_5,regression,leak_5,extra,0.9488,,0
596_fri_c2_250_5,regression,id_run,oz2,0.5269,id:extra,1
596_fri_c2_250_5,regression,id_code,oz2,0.5269,id:extra,1
596_fri_c2_250_5,regression,copies_2,oz2,0.4954,duplicates:,1
597_fri_c2_500_5,regression,clean,oz1,0.5426,,
598_fri_c0_1000_25,regression,clean,oz4,0.5626,,
598_fri_c0_1000_25,regression,leak,extra,1.0,leak:extra,1
598_fri_c0_1000_25,regression,leak_1,extra,0.9839,,0
598_fri_c0_1000_25,regression,leak_5,extra,0.9506,,0
598_fri_c0_1000_25,regression,id_run,oz4,0.5626,id:extra,1
598_fri_c0_1000_25,regression,id_code,oz4,0.5626,id:extra,1
598_fri_c0_1000_25,regression,copies_2,oz4,0.5634,duplicates:,1
599_fri_c2_1000_5,regression,clean,oz2,0.6025,,
601_fri_c1_250_5,regression,clean,oz2,0.4455,,
602_fri_c3_250_10,regression,clean,oz4,0.4073,,
603_fri_c0_250_50,regression,clean,oz4,0.5684,,
604_fri_c4_500_10,regression,clean,oz4,0.4745,,
605_fri_c2_250_25,regression,clean,oz2,0.5008,,
606_fri_c2_1000_10,regression,clean,oz2,0.5624,,
606_fri_c2_1000_10,regression,leak,extra,1.0,leak:extra,1
606_fri_c2_1000_10,regression,leak_1,extra,0.9909,leak:extra,1
606_fri_c2_1000_10,regression,leak_5,extra,0.947,,0
606_fri_c2_1000_10,regression,id_run,oz2,0.5624,id:extra,1
606_fri_c2_1000_10,regression,id_code,oz2,0.5624,id:extra,1
606_fri_c2_1000_10,regression,copies_2,oz2,0.5631,duplicates:,1
607_fri_c4_1000_50,regression,clean,oz2,0.4419,,
608_fri_c3_1000_10,regression,clean,oz4,0.4445,,
609_fri_c0_1000_5,regression,clean,oz4,0.5691,,
612_fri_c1_1000_5,regression,clean,oz2,0.4744,,
613_fri_c3_250_5,regression,clean,oz4,0.4797,,
615_fri_c4_250_10,regression,clean,oz4,0.5106,,
616_fri_c4_500_50,regression,clean,oz4,0.4453,,
617_fri_c3_500_5,regression,clean,oz2,0.395,,
618_fri_c3_1000_50,regression,clean,oz2,0.4448,,
620_fri_c1_1000_25,regression,clean,oz1,0.4854,,
620_fri_c1_1000_25,regression,leak,extra,1.0,leak:extra,1
620_fri_c1_1000_25,regression,leak_1,extra,0.9922,leak:extra,1
620_fri_c1_1000_25,regression,leak_5,extra,0.9535,,0
620_fri_c1_1000_25,regression,id_run,oz1,0.4854,id:extra,1
620_fri_c1_1000_25,regression,id_code,oz1,0.4854,id:extra,1
620_fri_c1_1000_25,regression,copies_2,oz2,0.4635,duplicates:,1
622_fri_c2_1000_50,regression,clean,oz2,0.5926,,
623_fri_c4_1000_10,regression,clean,oz4,0.4411,,
626_fri_c2_500_50,regression,clean,oz2,0.5855,,
627_fri_c2_500_10,regression,clean,oz2,0.6015,,
627_fri_c2_500_10,regression,leak,extra,1.0,leak:extra,1
627_fri_c2_500_10,regression,leak_1,extra,0.975,,0
627_fri_c2_500_10,regression,leak_5,extra,0.9604,,0
627_fri_c2_500_10,regression,id_run,oz2,0.6015,id:extra,1
627_fri_c2_500_10,regression,id_code,oz2,0.6015,id:extra,1
627_fri_c2_500_10,regression,copies_2,oz2,0.6,duplicates:,1
628_fri_c3_1000_5,regression,clean,oz2,0.4513,,
631_fri_c1_500_5,regression,clean,oz1,0.409,,
633_fri_c0_500_25,regression,clean,oz4,0.5794,,
635_fri_c0_250_10,regression,clean,oz4,0.5603,,
635_fri_c0_250_10,regression,leak,extra,1.0,leak:extra,1
635_fri_c0_250_10,regression,leak_1,extra,0.9897,,0
635_fri_c0_250_10,regression,leak_5,extra,0.9279,,0
635_fri_c0_250_10,regression,id_run,oz4,0.5603,id:extra,1
635_fri_c0_250_10,regression,id_code,oz4,0.5603,id:extra,1
635_fri_c0_250_10,regression,copies_2,oz4,0.5576,duplicates:,1
637_fri_c1_500_50,regression,clean,oz2,0.4942,,
641_fri_c1_500_10,regression,clean,oz2,0.5029,,
641_fri_c1_500_10,regression,leak,extra,1.0,leak:extra,1
641_fri_c1_500_10,regression,leak_1,extra,0.9862,,0
641_fri_c1_500_10,regression,leak_5,extra,0.9294,,0
641_fri_c1_500_10,regression,id_run,oz2,0.5029,id:extra,1
641_fri_c1_500_10,regression,id_code,oz2,0.5029,id:extra,1
641_fri_c1_500_10,regression,copies_2,oz2,0.5032,duplicates:,1
643_fri_c2_500_25,regression,clean,oz2,0.4896,,
644_fri_c4_250_25,regression,clean,oz4,0.4216,,
645_fri_c3_500_50,regression,clean,oz4,0.4977,,
645_fri_c3_500_50,regression,leak,extra,1.0,leak:extra,1
645_fri_c3_500_50,regression,leak_1,extra,0.9903,leak:extra,1
645_fri_c3_500_50,regression,leak_5,extra,0.9344,,0
645_fri_c3_500_50,regression,id_run,oz4,0.4977,id:extra,1
645_fri_c3_500_50,regression,id_code,oz4,0.4977,id:extra,1
645_fri_c3_500_50,regression,copies_2,oz4,0.4864,duplicates:,1
646_fri_c3_500_10,regression,clean,oz4,0.4427,,
647_fri_c1_250_10,regression,clean,oz1,0.473,,
648_fri_c1_250_50,regression,clean,oz4,0.4166,,
649_fri_c0_500_5,regression,clean,oz4,0.6048,,
650_fri_c0_500_50,regression,clean,oz4,0.588,,
653_fri_c0_250_25,regression,clean,oz4,0.5414,,
653_fri_c0_250_25,regression,leak,extra,1.0,leak:extra,1
653_fri_c0_250_25,regression,leak_1,extra,0.9989,leak:extra,1
653_fri_c0_250_25,regression,leak_5,extra,0.9393,,0
653_fri_c0_250_25,regression,id_run,oz4,0.5414,id:extra,1
653_fri_c0_250_25,regression,id_code,oz4,0.5414,id:extra,1
653_fri_c0_250_25,regression,copies_2,oz4,0.5389,duplicates:,1
654_fri_c0_500_10,regression,clean,oz4,0.5566,,
657_fri_c2_250_10,regression,clean,oz2,0.563,,
658_fri_c3_250_25,regression,clean,oz4,0.4164,,
666_rmftsa_ladata,regression,clean,Total_Mortality,0.5941,,
690_visualizing_galaxy,regression,clean,northsouth,0.9154,,
695_chatfield_4,regression,clean,col_12,0.9336,id:col_1,
695_chatfield_4,regression,leak,extra,1.0,id:col_1;leak:extra,1
695_chatfield_4,regression,leak_1,extra,0.9998,id:col_1;leak:extra,1
695_chatfield_4,regression,leak_5,extra,0.9766,id:col_1,0
695_chatfield_4,regression,id_run,col_12,0.9336,id:extra;id:col_1,1
695_chatfield_4,regression,id_code,col_12,0.9336,id:extra;id:col_1,1
695_chatfield_4,regression,copies_2,col_12,0.9355,id:col_1;duplicates:,1
712_chscase_geyser1,regression,clean,col_2,0.763,,
Hill_Valley_with_noise,classification,clean,X17,0.538,,
Hill_Valley_without_noise,classification,clean,X49,0.5153,,
agaricus_lepiota,classification,clean,odor,0.9854,,
agaricus_lepiota,classification,leak,extra,1.0,leak:extra,1
agaricus_lepiota,classification,leak_1,extra,0.99,leak:extra,1
agaricus_lepiota,classification,leak_5,odor,0.9854,,0
agaricus_lepiota,classification,id_run,odor,0.9854,id:extra,1
agaricus_lepiota,classification,id_code,odor,0.9854,id:extra,1
agaricus_lepiota,classification,copies_2,odor,0.9858,,0
allbp,classification,clean,T4U,0.4674,duplicates:,
allhyper,classification,clean,T3,0.2801,duplicates:,
allhypo,classification,clean,TSH,0.4409,duplicates:,
allhypo,classification,leak,extra,1.0,leak:extra;duplicates:,1
allhypo,classification,leak_1,extra,0.9947,leak:extra;duplicates:,1
allhypo,classification,leak_5,extra,0.9406,duplicates:,0
allhypo,classification,id_run,TSH,0.4409,id:extra,1
allhypo,classification,id_code,TSH,0.4409,id:extra,1
allhypo,classification,copies_2,TSH,0.4616,duplicates:,1
allrep,classification,clean,age,0.25,duplicates:,
analcatdata_authorship,classification,clean,it,0.5458,,
analcatdata_dmft,classification,clean,Ethnic,0.203,,
analcatdata_germangss,classification,clean,Count,0.3675,,
analcatdata_lawsuit,classification,clean,CAP,0.8723,,
ann_thyroid,classification,clean,A17,0.852,,
auto_insurance_price,regression,clean,curb_weight,0.9138,,
balance_scale,classification,clean,Left-Weight,0.4595,,
banana,classification,clean,At2,0.676,,
banana,classification,leak,extra,1.0,leak:extra,1
banana,classification,leak_1,extra,0.99,,0
banana,classification,leak_5,extra,0.9497,,0
banana,classification,id_run,At2,0.676,id:extra,1
banana,classification,id_code,At2,0.676,id:extra,1
banana,classification,copies_2,At2,0.6804,duplicates:,1
biomed,classification,clean,Age_of_patient,0.7662,,
biomed,classification,leak,extra,1.0,leak:extra,1
biomed,classification,leak_1,extra,0.9925,leak:extra,1
biomed,classification,leak_5,extra,0.948,,0
biomed,classification,id_run,Age_of_patient,0.7662,id:extra,1
biomed,classification,id_code,Age_of_patient,0.7662,id:extra,1
biomed,classification,copies_2,Hospital_identification_number_for_blood_sample,0.7691,duplicates:,1
breast_cancer,classification,clean,deg-malig,0.6652,,
breast_cancer,classification,leak,extra,1.0,leak:extra,1
breast_cancer,classification,leak_1,extra,0.9891,,0
breast_cancer,classification,leak_5,extra,0.9584,,0
breast_cancer,classification,id_run,deg-malig,0.6652,id:extra,1
breast_cancer,classification,id_code,deg-malig,0.6652,id:extra,1
breast_cancer,classification,copies_2,deg-malig,0.6704,,0
breast_cancer_wisconsin_diagnostic,classification,clean,radius_worst,0.9034,,
breast_cancer_wisconsin_diagnostic,classification,leak,extra,1.0,leak:extra,1
breast_cancer_wisconsin_diagnostic,classification,leak_1,extra,0.9916,leak:extra,1
breast_cancer_wisconsin_diagnostic,classification,leak_5,extra,0.9531,,0
breast_cancer_wisconsin_diagnostic,classification,id_run,radius_worst,0.9034,id:extra,1
breast_cancer_wisconsin_diagnostic,classification,id_code,radius_worst,0.9034,id:extra,1
breast_cancer_wisconsin_diagnostic,classification,copies_2,perimeter_worst,0.8995,duplicates:,1
breast_cancer_wisconsin_original,classification,clean,cell_shape_uniformity,0.9096,,
bupa,classification,clean,Sgot,0.5496,duplicates:,
calendarDOW,classification,clean,Feature19,0.469,duplicates:,
car_evaluation,classification,clean,buying_price,0.25,,
cars,classification,clean,brand,0.9909,leak:brand,
cars,classification,leak,extra,1.0,leak:extra;leak:brand,1
cars,classification,leak_1,extra,0.9946,leak:extra;leak:brand,1
cars,classification,leak_5,brand,0.9909,leak:brand,0
cars,classification,id_run,brand,0.9909,id:extra;leak:brand,1
cars,classification,id_code,brand,0.9909,id:extra;leak:brand,1
cars,classification,copies_2,brand,0.991,leak:brand;duplicates:,1
chess,classification,clean,A32,0.6774,,
churn,classification,clean,total day minutes,0.5922,id:phone number,
coil2000,classification,clean,PGEZONG,0.5041,,
collins,classification,clean,Genre,1.0,id:Text;id:Counter;leak:Genre,
collins,classification,leak,Genre,1.0,id:Text;id:Counter;leak:Genre;leak:extra,1
collins,classification,leak_1,Genre,1.0,id:Text;id:Counter;leak:Genre,0
collins,classification,leak_5,Genre,1.0,id:Text;id:Counter;leak:Genre,0
collins,classification,id_run,Genre,1.0,id:extra;id:Text;id:Counter;leak:Genre,1
collins,classification,id_code,Genre,1.0,id:extra;id:Text;id:Counter;leak:Genre,1
collins,classification,copies_2,Genre,1.0,id:Text;id:Counter;leak:Genre;duplicates:,1
congressional_voting_records,classification,clean,physician_fee_freeze,0.9589,,
contraceptive_method,classification,clean,number_of_children,0.4088,,
credit_approval_australia,classification,clean,attribute_9,0.862,,
credit_approval_australia,classification,leak,extra,1.0,leak:extra,1
credit_approval_australia,classification,leak_1,extra,0.9902,leak:extra,1
credit_approval_australia,classification,leak_5,extra,0.9488,,0
credit_approval_australia,classification,id_run,attribute_9,0.862,id:extra,1
credit_approval_australia,classification,id_code,attribute_9,0.862,id:extra,1
credit_approval_australia,classification,copies_2,attribute_9,0.8626,duplicates:,1
credit_approval_germany,classification,clean,credit_history,0.5626,,
dermatology,classification,clean,spongiosis,0.3368,,
dis,classification,clean,age,0.5,duplicates:,
ecoli,classification,clean,alm1,0.5047,,
first_principles_supernovae_zg,regression,clean,Xaxis0,0.9823,,
first_principles_supernovae_zr,regression,clean,Xaxis0,0.8891,,
haberman,classification,clean,Number_of_positive_axillary_nodes_detected,0.5654,,
heart_disease_cleveland,classification,clean,chest_pain_type,0.7588,,
heart_disease_hungarian,classification,clean,exercise_st_slope,0.7891,,
heart_disease_va_long_beach,classification,clean,chest_pain_type,0.5712,,
heart_disease_va_long_beach,classification,leak,extra,1.0,leak:extra,1
heart_disease_va_long_beach,classification,leak_1,extra,0.9868,,0
heart_disease_va_long_beach,classification,leak_5,extra,0.9407,,0
heart_disease_va_long_beach,classification,id_run,chest_pain_type,0.5712,id:extra,1
heart_disease_va_long_beach,classification,id_code,chest_pain_type,0.5712,id:extra,1
heart_disease_va_long_beach,classification,copies_2,chest_pain_type,0.5678,duplicates:,1
horse_colic_lesion_type,classification,clean,pain,0.2684,duplicates:,
horse_colic_outcome,classification,clean,abdominocentesis_protein,0.4548,duplicates:,
horse_colic_surgery,classification,clean,rectal_examination,0.6671,duplicates:,
hypothyroid,classification,clean,FTI,0.5811,duplicates:,
ionosphere,classification,clean,28,0.8167,,
irish,classification,clean,Educational_level,1.0,leak:Educational_level;duplicates:,
kr_vs_kp,classification,clean,c33,0.6774,,
led24,classification,clean,attribute#2,0.1848,,
led7,classification,clean,attribute#7,0.1834,,
letter,classification,clean,x-ege,0.1636,,
letter,classification,leak,extra,1.0,leak:extra,1
letter,classification,leak_1,extra,0.9898,,0
letter,classification,leak_5,extra,0.9502,,0
letter,classification,id_run,x-ege,0.1636,id:extra,1
letter,classification,id_code,x-ege,0.1636,id:extra,1
letter,classification,copies_2,x-ege,0.1683,,0
magic,classification,clean,FAlpha,0.7043,,
mfeat_fourier,classification,clean,att73,0.4005,,
mfeat_karhunen,classification,clean,att1,0.3155,,
mfeat_morphological,classification,clean,att6,0.485,,
mfeat_zernike,classification,clean,att6,0.2965,,
mfeat_zernike,classification,leak,extra,1.0,leak:extra,1
mfeat_zernike,classification,leak_1,extra,0.99,leak:extra,1
mfeat_zernike,classification,leak_5,extra,0.95,,0
mfeat_zernike,classification,id_run,att6,0.2965,id:extra,1
mfeat_zernike,classification,id_code,att6,0.2965,id:extra,1
mfeat_zernike,classification,copies_2,att6,0.2808,duplicates:,1
mofn_3_7_10,classification,clean,Bit-0,0.5,,
monk1,classification,clean,Jacket color,0.7464,,
monk2,classification,clean,attribute#1,0.5,,
monk3,classification,clean,Body shape,0.7935,,
movement_libras,classification,clean,5st_coordinate_ordinate,0.2278,duplicates:,
movement_libras,classification,leak,extra,1.0,leak:extra;duplicates:,1
movement_libras,classification,leak_1,extra,0.9889,duplicates:,0
movement_libras,classification,leak_5,extra,0.95,duplicates:,0
movement_libras,classification,id_run,5st_coordinate_ordinate,0.2278,id:extra,1
movement_libras,classification,id_code,5st_coordinate_ordinate,0.2278,id:extra,1
movement_libras,classification,copies_2,5st_coordinate_ordinate,0.1997,duplicates:,1
mushroom,classification,clean,odor,0.9841,,
new_thyroid,classification,clean,3,0.8581,,
nikuradse_1,regression,clean,r_k,0.9662,,
nikuradse_1,regression,leak,extra,1.0,leak:extra,1
nikuradse_1,regression,leak_1,extra,0.9965,leak:extra,1
nikuradse_1,regression,leak_5,r_k,0.9662,,0
nikuradse_1,regression,id_run,r_k,0.9662,id:extra,1
nikuradse_1,regression,id_code,r_k,0.9662,id:extra,1
nikuradse_1,regression,copies_2,r_k,0.9665,duplicates:,1
nikuradse_2,regression,clean,log_v_k_nu,0.9509,,
nursery,classification,clean,health,0.5414,,
optdigits,classification,clean,input29,0.2723,,
page_blocks,classification,clean,eccen,0.4634,duplicates:,
parity5+5,classification,clean,Bit 10,0.48,,
parity5+5,classification,leak,extra,1.0,leak:extra,1
parity5+5,classification,leak_1,extra,0.9902,leak:extra,1
parity5+5,classification,leak_5,extra,0.9503,,0
parity5+5,classification,id_run,Bit 10,0.48,id:extra,1
parity5+5,classification,id_code,Bit 10,0.48,id:extra,1
parity5+5,classification,copies_2,Bit 10,0.4995,,0
pendigits,classification,clean,input16,0.3824,,
penguins,classification,clean,island,0.7807,,
phoneme,classification,clean,Iy,0.7245,,
prnn_crabs,classification,clean,FL,0.72,,
prnn_synth,classification,clean,ys,0.816,,
profb,classification,clean,Pointspread,0.5246,,
ring,classification,clean,A3,0.6549,,
saheart,classification,clean,Age,0.622,,
satimage,classification,clean,A18,0.5978,,
satimage,classification,leak,extra,1.0,leak:extra,1
satimage,classification,leak_1,extra,0.9895,,0
satimage,classification,leak_5,extra,0.9466,,0
satimage,classification,id_run,A18,0.5978,id:extra,1
satimage,classification,id_code,A18,0.5978,id:extra,1
satimage,classification,copies_2,A18,0.6297,duplicates:,1
schizo,classification,clean,gain_ratio_7,0.3784,,
schizo,classification,leak,extra,1.0,leak:extra,1
schizo,classification,leak_1,extra,0.995,leak:extra,1
schizo,classification,leak_5,extra,0.949,,0
schizo,classification,id_run,gain_ratio_7,0.3784,id:extra,1
schizo,classification,id_code,gain_ratio_7,0.3784,id:extra,1
schizo,classification,copies_2,gain_ratio_2,0.4187,duplicates:,1
segmentation,classification,clean,rawred-mean,0.6212,duplicates:,
solar_flare,regression,clean,sunspot_group_configuration,0.1004,,
sonar,classification,clean,A12,0.6535,,
soybean,classification,clean,canker-lesion,0.2421,,
spambase,classification,clean,51,0.7803,duplicates:,
spambase,classification,leak,extra,1.0,leak:extra;duplicates:,1
spambase,classification,leak_1,extra,0.9899,duplicates:,0
spambase,classification,leak_5,extra,0.949,duplicates:,0
spambase,classification,id_run,51,0.7803,id:extra,1
spambase,classification,id_code,51,0.7803,id:extra,1
spambase,classification,copies_2,51,0.7699,duplicates:,1
spect,classification,clean,F1,0.5,,
spectf,classification,clean,F13S,0.7015,duplicates:,
splice,classification,clean,A28,0.5848,,
splice,classification,leak,extra,1.0,leak:extra,1
splice,classification,leak_1,extra,0.9898,,0
splice,classification,leak_5,extra,0.9491,,0
splice,classification,id_run,A28,0.5848,id:extra,1
splice,classification,id_code,A28,0.5848,id:extra,1
splice,classification,copies_2,A28,0.5844,,0
strogatz_bacres1,regression,clean,y,0.962,,
strogatz_bacres2,regression,clean,y,0.9824,,
strogatz_barmag1,regression,clean,x,0.967,,
strogatz_barmag2,regression,clean,y,0.7997,,
strogatz_glider1,regression,clean,y,0.8432,,
strogatz_glider2,regression,clean,x,0.8084,,
strogatz_glider2,regression,leak,extra,1.0,leak:extra,1
strogatz_glider2,regression,leak_1,extra,0.9917,leak:extra,1
strogatz_glider2,regression,leak_5,extra,0.9639,,0
strogatz_glider2,regression,id_run,x,0.8084,id:extra,1
strogatz_glider2,regression,id_code,x,0.8084,id:extra,1
strogatz_glider2,regression,copies_2,x,0.7617,duplicates:,1
strogatz_lv1,regression,clean,y,0.1619,,
strogatz_lv2,regression,clean,x,0.294,,
strogatz_predprey1,regression,clean,y,0.8728,,
strogatz_predprey2,regression,clean,x,0.643,,
strogatz_shearflow1,regression,clean,y,0.6681,,
strogatz_shearflow2,regression,clean,x,0.8064,,
strogatz_vdp1,regression,clean,y,0.4878,,
strogatz_vdp2,regression,clean,x,1.0,leak:x,
strogatz_vdp2,regression,leak,extra,1.0,leak:extra;leak:x,1
strogatz_vdp2,regression,leak_1,x,1.0,leak:x;leak:extra,1
strogatz_vdp2,regression,leak_5,x,1.0,leak:x,0
strogatz_vdp2,regression,id_run,x,1.0,id:extra;leak:x,1
strogatz_vdp2,regression,id_code,x,1.0,id:extra;leak:x,1
strogatz_vdp2,regression,copies_2,x,1.0,leak:x;duplicates:,1
texture,classification,clean,A29,0.4349,,
threeOf9,classification,clean,F3,0.6531,,
tic_tac_toe,classification,clean,t5,0.6709,,
tic_tac_toe,classification,leak,extra,1.0,leak:extra,1
tic_tac_toe,classification,leak_1,extra,0.9871,,0
tic_tac_toe,classification,leak_5,extra,0.9489,,0
tic_tac_toe,classification,id_run,t5,0.6709,id:extra,1
tic_tac_toe,classification,id_code,t5,0.6709,id:extra,1
tic_tac_toe,classification,copies_2,t5,0.6686,,0
titanic,classification,clean,gender,0.709,duplicates:,
tokyo1,classification,clean,io_wcancel,0.8928,,
twonorm,classification,clean,A4,0.6853,,
vehicle,classification,clean,PR AXISRECTANGULAR,0.5281,,
vowel,classification,clean,Feature 1,0.3505,,
waveform_21,classification,clean,X07,0.5573,,
waveform_40,classification,clean,X06,0.5748,,
wine_quality_red,classification,clean,alcohol,0.232,duplicates:,
wine_quality_white,classification,clean,alcohol,0.1943,duplicates:,
xd6,classification,clean,Attribute 1,0.5,,
yeast,classification,clean,mcg,0.2064,duplicates:,
yeast,classification,leak,extra,1.0,leak:extra;duplicates:,1
yeast,classification,leak_1,extra,0.9931,leak:extra;duplicates:,1
yeast,classification,leak_5,extra,0.9457,duplicates:,0
yeast,classification,id_run,mcg,0.2064,id:extra,1
yeast,classification,id_code,mcg,0.2064,id:extra,1
yeast,classification,copies_2,gvh,0.2027,duplicates:,1
