dataset,task,first_before,first_after,first_delta,top4_before,top4_after,top4_delta,boosting_before,boosting_after,boosting_delta,first_model_before,first_model_after,eligible_before,eligible_after,ruled_out_winner_before,ruled_out_winner_after
agaricus_lepiota,classification,1.0,0.9996,-0.0004,1.0,1.0,0.0,1.0,1.0,0.0,TR2,TR1,17,17,False,False
allhypo,classification,0.6688,0.8118,0.1429,0.7613,0.8118,0.0505,0.8555,0.8555,0.0,TR2,TR1,17,17,False,False
banana,classification,0.8918,0.5229,-0.3689,0.8948,0.8916,-0.0033,0.8963,0.8963,0.0,EN2,LM2,13,17,False,False
biomed,classification,0.8704,0.8754,0.005,0.8889,0.8904,0.0015,0.8821,0.8821,0.0,TR2,TR1,17,17,False,False
breast_cancer,classification,0.6297,0.6236,-0.0061,0.6297,0.6297,0.0,0.5792,0.5792,0.0,TR2,TR1,17,17,False,False
breast_cancer_wisconsin_diagnostic,classification,0.9614,0.9747,0.0133,0.9638,0.9747,0.0109,0.9647,0.9647,0.0,EN2,LM2,13,17,True,False
cars,classification,0.8778,0.8523,-0.0255,0.8778,0.8778,0.0,0.9757,0.9757,0.0,TR2,TR1,17,17,False,False
collins,classification,0.9756,0.9897,0.0141,0.991,0.991,0.0,0.9679,0.9679,0.0,TR2,TR1,17,17,False,False
credit_approval_australia,classification,0.8733,0.8182,-0.0551,0.8733,0.8733,0.0,0.857,0.857,0.0,TR2,TR1,17,17,False,False
heart_disease_va_long_beach,classification,0.5804,0.5881,0.0077,0.5992,0.5881,-0.0111,0.5737,0.5737,0.0,TR2,TR1,17,17,False,False
letter,classification,0.8654,0.7578,-0.1076,0.9115,0.8654,-0.046,0.9147,0.9147,0.0,IB1,LM2,12,16,False,False
mfeat_zernike,classification,0.808,0.816,0.008,0.808,0.816,0.008,0.792,0.792,0.0,IB1,LM2,12,16,True,False
movement_libras,classification,0.698,0.7493,0.0513,0.7793,0.7793,0.0,0.7613,0.7613,0.0,EN2,LM2,13,17,False,False
parity5+5,classification,0.4486,0.7093,0.2607,0.7093,0.7461,0.0368,0.9654,0.9654,0.0,LM2,TR1,14,13,False,False
satimage,classification,0.8778,0.8089,-0.0689,0.8873,0.8873,0.0,0.9007,0.9007,0.0,EN2,LM2,13,17,False,False
schizo,classification,0.3776,0.3621,-0.0154,0.3942,0.3827,-0.0115,0.3667,0.3667,0.0,TR2,TR1,17,17,False,False
spambase,classification,0.9385,0.9169,-0.0216,0.9482,0.9169,-0.0312,0.9537,0.9537,0.0,EN2,LM2,13,17,False,False
splice,classification,0.9452,0.9279,-0.0173,0.9452,0.9634,0.0182,0.9657,0.9657,0.0,LM2,TR1,14,13,True,False
tic_tac_toe,classification,0.9759,0.9395,-0.0365,0.9759,0.9895,0.0135,0.9849,0.9849,0.0,LM2,TR1,14,13,False,False
yeast,classification,0.5114,0.507,-0.0044,0.5305,0.507,-0.0234,0.4779,0.4779,0.0,EN2,LM2,13,17,False,False
1199_BNG_echoMonths,regression,0.437,-0.0751,-0.5121,0.4387,0.437,-0.0018,0.4312,0.4312,0.0,TR2,TR1,16,19,False,False
225_puma8NH,regression,0.3758,0.3758,0.0,0.4259,0.4259,0.0,0.6609,0.6609,0.0,LM1,LM1,15,19,True,False
229_pwLinear,regression,0.6966,0.2328,-0.4638,0.8328,0.8328,0.0,0.8478,0.8478,0.0,TR1,LM4,10,14,True,False
556_analcatdata_apnea2,regression,0.9055,0.8785,-0.027,0.909,0.909,0.0,0.7435,0.7435,0.0,TR2,TR1,16,19,False,False
581_fri_c3_500_25,regression,0.2169,0.2169,0.0,0.2181,0.2181,0.0,0.88,0.88,0.0,LM1,LM1,15,19,True,False
589_fri_c2_1000_25,regression,0.2687,0.2687,0.0,0.2688,0.2688,0.0,0.9203,0.9203,0.0,LM1,LM1,15,19,True,False
595_fri_c0_1000_10,regression,0.7068,0.7068,0.0,0.8661,0.8661,0.0,0.8983,0.8983,0.0,LM1,LM1,15,19,True,False
596_fri_c2_250_5,regression,0.2533,0.2533,0.0,0.2751,0.2751,0.0,0.8593,0.8593,0.0,LM1,LM1,15,19,True,False
598_fri_c0_1000_25,regression,0.6912,0.6912,0.0,0.8041,0.8041,0.0,0.8918,0.8918,0.0,LM1,LM1,15,19,False,False
606_fri_c2_1000_10,regression,0.3052,0.3052,0.0,0.3053,0.3053,0.0,0.9359,0.9359,0.0,LM1,LM1,15,19,True,False
620_fri_c1_1000_25,regression,0.2416,0.2416,0.0,0.2459,0.2459,0.0,0.9237,0.9237,0.0,LM1,LM1,15,19,True,False
627_fri_c2_500_10,regression,0.2403,0.2403,0.0,0.2415,0.2415,0.0,0.8972,0.8972,0.0,LM1,LM1,15,19,True,False
635_fri_c0_250_10,regression,0.6321,0.6321,0.0,0.8071,0.8071,0.0,0.8396,0.8396,0.0,LM1,LM1,15,19,False,False
641_fri_c1_500_10,regression,0.2343,0.2343,0.0,0.2388,0.2388,0.0,0.9086,0.9086,0.0,LM1,LM1,15,19,True,False
645_fri_c3_500_50,regression,0.2186,0.2186,0.0,0.2191,0.2191,0.0,0.8509,0.8509,0.0,LM1,LM1,15,19,True,False
653_fri_c0_250_25,regression,0.6934,0.6934,0.0,0.6984,0.6984,0.0,0.8131,0.8131,0.0,LM1,LM1,15,19,True,False
695_chatfield_4,regression,0.8437,0.8437,0.0,0.8472,0.8472,0.0,0.8116,0.8116,0.0,LM1,LM1,15,19,False,False
nikuradse_1,regression,0.6498,0.6498,0.0,0.8798,0.8798,0.0,0.9941,0.9941,0.0,LM1,LM1,15,19,True,False
strogatz_glider2,regression,0.6504,0.6504,0.0,0.7469,0.7469,0.0,0.8817,0.8817,0.0,LM1,LM1,15,19,True,False
strogatz_vdp2,regression,1.0,1.0,0.0,1.0,1.0,0.0,0.9981,0.9981,0.0,LM1,LM1,15,19,False,False
