metric,strategy,dataset,unit,series,cell,pick,regret
r2,fixed,babynames,babynames,Alantae|M,intermittent,TSM1,0.5266635638888888
r2,fixed,babynames,babynames,Augustis|M,intermittent,TSM1,0.6199962641164063
r2,fixed,babynames,babynames,Callah|F,intermittent,TSM1,0.6199973840624999
r2,fixed,babynames,babynames,Eloina|F,intermittent,TSM2,0.05287829293643789
r2,fixed,babynames,babynames,Jacianna|F,intermittent,TSM1,0.6747576040179338
r2,fixed,babynames,babynames,Jamaira|F,intermittent,TSM1,0.34313130362278327
r2,fixed,babynames,babynames,Jamieson|F,intermittent,TSM1,0.5703425072455816
r2,fixed,babynames,babynames,Jaydalynn|F,intermittent,TSM1,0.2835077217055536
r2,fixed,babynames,babynames,Joee|M,intermittent,TSM1,0.6199927749035518
r2,fixed,babynames,babynames,Junae|F,intermittent,TSM1,0.5244037496489
r2,fixed,babynames,babynames,Kallin|F,intermittent,TSM1,0.6735141556915591
r2,fixed,babynames,babynames,Kellin|F,intermittent,TSM1,0.3406329376589694
r2,fixed,babynames,babynames,Kiesha|F,intermittent,TSM1,0.0
r2,fixed,babynames,babynames,Natisha|F,intermittent,TSM1,0.0
r2,fixed,babynames,babynames,Oaklin|M,intermittent,TSM1,0.4506312994071147
r2,fixed,babynames,babynames,Rethea|F,intermittent,TSM2,0.0
r2,fixed,babynames,babynames,Terek|M,intermittent,TSM1,0.15662743884874825
r2,fixed,babynames,babynames,Tyrun|M,intermittent,TSM1,0.6189566433809048
r2,fixed,babynames,babynames,Yamilette|F,intermittent,TSM1,0.0
r2,fixed,babynames,babynames,Yanay|F,intermittent,TSM1,0.52593625
r2,fixed,cdnow,cdnow,11939,intermittent,TSM2,0.0
r2,fixed,cdnow,cdnow,12910,intermittent,TSM2,0.0
r2,fixed,cdnow,cdnow,15188,intermittent,TSM2,0.0150687102308091
r2,fixed,cdnow,cdnow,16440,intermittent,TSM2,0.0
r2,fixed,cdnow,cdnow,18943,intermittent,TSM2,0.0
r2,fixed,cdnow,cdnow,1905,intermittent,TSM2,1.0
r2,fixed,cdnow,cdnow,19846,intermittent,TSM2,0.0
r2,fixed,cdnow,cdnow,21635,intermittent,TSM2,0.0
r2,fixed,cdnow,cdnow,21704,intermittent,TSM2,0.33699900019062634
r2,fixed,cdnow,cdnow,22001,intermittent,TSM2,0.0
r2,fixed,cdnow,cdnow,22286,intermittent,TSM2,0.006744371843539199
r2,fixed,cdnow,cdnow,22509,intermittent,TSM2,2.004380214492981e-05
r2,fixed,cdnow,cdnow,23568,intermittent,TSM2,0.4487467763391155
r2,fixed,cdnow,cdnow,3625,intermittent,TSM2,0.0
r2,fixed,cdnow,cdnow,4124,intermittent,TSM2,0.0
r2,fixed,cdnow,cdnow,4683,intermittent,TSM2,0.1583589772938164
r2,fixed,cdnow,cdnow,7969,intermittent,TSM2,0.0
r2,fixed,cdnow,cdnow,8092,intermittent,TSM2,0.0275370334894231
r2,fixed,cdnow,cdnow,9635,intermittent,TSM2,0.008835343970795499
r2,fixed,cdnow,cdnow,9883,intermittent,TSM2,0.0
r2,fixed,movielens,movielens,1346,intermittent,TSM2,0.2763163778345251
r2,fixed,movielens,movielens,1591,intermittent,TSM2,0.001275642185945499
r2,fixed,movielens,movielens,1806,intermittent,TSM2,0.0
r2,fixed,movielens,movielens,3267,intermittent,TSM2,0.13504939071352978
r2,fixed,movielens,movielens,33162,intermittent,TSM1,0.21139400290236662
r2,fixed,movielens,movielens,3368,intermittent,TSM2,0.011810073086352901
r2,fixed,movielens,movielens,3557,intermittent,TSM2,1.4643503635481219
r2,fixed,movielens,movielens,3581,intermittent,TSM2,0.0119388968985059
r2,fixed,movielens,movielens,3909,intermittent,TSM2,0.0
r2,fixed,movielens,movielens,41997,intermittent,TSM1,0.052490031127709405
r2,fixed,movielens,movielens,4623,intermittent,TSM2,0.1071863822185675
r2,fixed,movielens,movielens,4727,intermittent,TSM1,0.1583082027464256
r2,fixed,movielens,movielens,50259,intermittent,TSM1,0.20624649760913089
r2,fixed,movielens,movielens,5601,intermittent,TSM1,0.20624469483934083
r2,fixed,movielens,movielens,6239,intermittent,TSM1,0.204136467114962
r2,fixed,movielens,movielens,7980,intermittent,TSM1,0.2118345477489325
r2,fixed,movielens,movielens,8684,intermittent,TSM1,0.20624649760913089
r2,fixed,movielens,movielens,8918,intermittent,TSM1,0.206711508404332
r2,fixed,movielens,movielens,95199,intermittent,TSM1,0.2059790506293772
r2,fixed,movielens,movielens,973,intermittent,TSM2,0.0
r2,fixed,nyc_bikes,nyc_bikes,26301,intermittent,TSM2,1.3926106682597101
r2,fixed,nyc_bikes,nyc_bikes,26307,intermittent,TSM2,0.0397390438509831
r2,fixed,nyc_bikes,nyc_bikes,29477,intermittent,TSM2,0.1428299365361252
r2,fixed,nyc_bikes,nyc_bikes,29506,intermittent,TSM2,0.2851547034697175
r2,fixed,nyc_bikes,nyc_bikes,29522,intermittent,TSM2,0.404294362690292
r2,fixed,nyc_bikes,nyc_bikes,33074,intermittent,TSM1,0.0
r2,fixed,nyc_bikes,nyc_bikes,33557,intermittent,TSM2,0.28114624186730547
r2,fixed,nyc_bikes,nyc_bikes,33571,intermittent,TSM2,0.39258521141231206
r2,fixed,nycflights,nycflights,EWR-CAE,intermittent,TSM2,0.0
r2,fixed,nycflights,nycflights,EWR-LGA,intermittent,TSM1,0.20623779614750962
r2,fixed,nycflights,nycflights,EWR-SBN,intermittent,TSM1,0.22254981916206878
r2,fixed,nycflights,nycflights,EWR-SYR,intermittent,TSM1,0.2606136780420226
r2,fixed,nycflights,nycflights,JFK-MVY,intermittent,TSM2,0.5794732686567385
r2,fixed,nycflights,nycflights,JFK-SDF,intermittent,TSM2,0.11236051840451769
r2,fixed,nycflights,nycflights,LGA-AVL,intermittent,TSM2,0.0
r2,fixed,nycflights,nycflights,LGA-CHO,intermittent,TSM1,0.0
r2,fixed,nycflights,nycflights,LGA-CVG,intermittent,TSM2,0.0651859449637104
r2,fixed,nycflights,nycflights,LGA-EYW,intermittent,TSM1,0.0
r2,fixed,nycflights,nycflights,LGA-GSP,intermittent,TSM2,0.03652722423932149
r2,fixed,nycflights,nycflights,LGA-IND,intermittent,TSM1,0.0
r2,fixed,nycflights,nycflights,LGA-JAX,intermittent,TSM1,0.0
r2,fixed,nycflights,nycflights,LGA-LEX,intermittent,TSM1,0.2062455500297407
r2,fixed,nycflights,nycflights,LGA-MHT,intermittent,TSM2,0.0
r2,fixed,nycflights,nycflights,LGA-MYR,intermittent,TSM2,0.0
r2,fixed,nycflights,nycflights,LGA-PWM,intermittent,TSM2,0.010971982953559695
r2,fixed,nycflights,nycflights,LGA-SAV,intermittent,TSM1,0.0
r2,fixed,nycflights,nycflights,LGA-SBN,intermittent,TSM1,0.2117360801802142
r2,fixed,nycflights,nycflights,LGA-TVC,intermittent,TSM2,0.0
r2,fixed,police_deaths,police_deaths,AK,intermittent,TSM2,0.026933220114717098
r2,fixed,police_deaths,police_deaths,CA,intermittent,TSM2,0.051810182351631304
r2,fixed,police_deaths,police_deaths,DC,intermittent,TSM2,0.0032988636421090005
r2,fixed,police_deaths,police_deaths,IA,intermittent,TSM1,0.2115577144449326
r2,fixed,police_deaths,police_deaths,IN,intermittent,TSM2,0.0
r2,fixed,police_deaths,police_deaths,LA,intermittent,TSM2,0.6256125532366967
r2,fixed,police_deaths,police_deaths,MI,intermittent,TSM2,0.05156669842742159
r2,fixed,police_deaths,police_deaths,NH,intermittent,TSM1,0.21282498899641059
r2,fixed,police_deaths,police_deaths,NV,intermittent,TSM2,0.0232265076477354
r2,fixed,police_deaths,police_deaths,OH,intermittent,TSM2,0.0
r2,fixed,police_deaths,police_deaths,PA,intermittent,TSM2,1.3477478768599005e-05
r2,fixed,police_deaths,police_deaths,RI,intermittent,TSM2,0.009753617246066201
r2,fixed,police_deaths,police_deaths,RR,intermittent,TSM1,0.2062377961475097
r2,fixed,police_deaths,police_deaths,US,intermittent,TSM2,0.037551697784671
r2,fixed,police_deaths,police_deaths,VA,intermittent,TSM2,0.010513909839142105
r2,fixed,police_deaths,police_deaths,VI,intermittent,TSM1,0.2042141383607636
r2,fixed,police_deaths,police_deaths,VT,intermittent,TSM1,0.2167601230907981
r2,fixed,police_deaths,police_deaths,WA,intermittent,TSM2,0.0
r2,fixed,police_deaths,police_deaths,WI,intermittent,TSM2,0.0079954944281896
r2,fixed,police_deaths,police_deaths,WY,intermittent,TSM1,0.2121994170489681
r2,fixed,storms,storms,disturbance,intermittent,TSM2,0.0
r2,fixed,storms,storms,extratropical,intermittent,TSM2,0.0
r2,fixed,storms,storms,hurricane,intermittent,TSM2,0.0
r2,fixed,storms,storms,subtropical depression,intermittent,TSM2,0.005031302330079198
r2,fixed,storms,storms,subtropical storm,intermittent,TSM2,0.03933072978512579
r2,fixed,storms,storms,tropical depression,intermittent,TSM2,0.0
r2,fixed,storms,storms,tropical wave,intermittent,TSM1,0.21748135236193028
r2,fixed,syphilis,syphilis,a10,intermittent,TSM2,0.0193978400027566
r2,fixed,syphilis,syphilis,a16,intermittent,TSM2,0.7346353784343316
r2,fixed,syphilis,syphilis,a19,intermittent,TSM2,0.2777650337157681
r2,fixed,syphilis,syphilis,a22,intermittent,TSM2,0.05552564442248009
r2,fixed,syphilis,syphilis,a23,intermittent,TSM2,0.0058158533402707015
r2,fixed,syphilis,syphilis,a25,intermittent,TSM2,0.0
r2,fixed,syphilis,syphilis,a26,intermittent,TSM1,0.2062393399354917
r2,fixed,syphilis,syphilis,a27,intermittent,TSM2,3.829191874889985e-05
r2,fixed,syphilis,syphilis,a29,intermittent,TSM2,0.0027769258659363083
r2,fixed,syphilis,syphilis,a3,intermittent,TSM2,0.0
r2,fixed,syphilis,syphilis,a33,intermittent,TSM2,0.027985449893877995
r2,fixed,syphilis,syphilis,a36,intermittent,TSM2,0.0
r2,fixed,syphilis,syphilis,a46,intermittent,TSM2,0.1155554617193686
r2,fixed,syphilis,syphilis,a47,intermittent,TSM2,0.2816153051507435
r2,fixed,syphilis,syphilis,a51,intermittent,TSM2,0.0
r2,fixed,syphilis,syphilis,a56,intermittent,TSM1,0.2145378575783047
r2,fixed,syphilis,syphilis,a58,intermittent,TSM2,0.0
r2,fixed,syphilis,syphilis,a60,intermittent,TSM2,0.0
r2,fixed,syphilis,syphilis,a61,intermittent,TSM2,0.07841288256202339
r2,fixed,syphilis,syphilis,a7,intermittent,TSM2,0.11030373745910071
r2,fixed,us_diseases,us_diseases,Smallpox|Delaware,intermittent,TSM2,0.6666666666666666
r2,fixed,us_diseases,us_diseases,Smallpox|Nevada,intermittent,TSM1,0.34982256656541066
r2,kind,babynames,babynames,Alantae|M,intermittent,TSM5,0.003996132787089324
r2,kind,babynames,babynames,Augustis|M,intermittent,TSM5,0.0
r2,kind,babynames,babynames,Callah|F,intermittent,TSM5,0.0
r2,kind,babynames,babynames,Eloina|F,intermittent,TSM5,0.022961308829427707
r2,kind,babynames,babynames,Jacianna|F,intermittent,TSM5,0.003515209614242676
r2,kind,babynames,babynames,Jamaira|F,intermittent,TSM5,0.0
r2,kind,babynames,babynames,Jamieson|F,intermittent,TSM5,0.11960307618324081
r2,kind,babynames,babynames,Jaydalynn|F,intermittent,TSM5,0.0
r2,kind,babynames,babynames,Joee|M,intermittent,TSM5,0.0
r2,kind,babynames,babynames,Junae|F,intermittent,TSM5,0.04989115264061228
r2,kind,babynames,babynames,Kallin|F,intermittent,TSM5,0.0
r2,kind,babynames,babynames,Kellin|F,intermittent,TSM5,0.0
r2,kind,babynames,babynames,Kiesha|F,intermittent,TSM5,0.8816660131606227
r2,kind,babynames,babynames,Natisha|F,intermittent,TSM5,1.7887655925711268
r2,kind,babynames,babynames,Oaklin|M,intermittent,TSM5,0.0023514333065711712
r2,kind,babynames,babynames,Rethea|F,intermittent,TSM5,0.0
r2,kind,babynames,babynames,Terek|M,intermittent,TSM5,0.0
r2,kind,babynames,babynames,Tyrun|M,intermittent,TSM5,0.0007014559112074048
r2,kind,babynames,babynames,Yamilette|F,intermittent,TSM5,0.5343060414711068
r2,kind,babynames,babynames,Yanay|F,intermittent,TSM5,0.003291652568800818
r2,kind,cdnow,cdnow,11939,intermittent,TSM5,0.0
r2,kind,cdnow,cdnow,12910,intermittent,TSM5,0.0
r2,kind,cdnow,cdnow,15188,intermittent,TSM5,0.0289780010201072
r2,kind,cdnow,cdnow,16440,intermittent,TSM5,0.0
r2,kind,cdnow,cdnow,18943,intermittent,TSM5,0.029076039197780505
r2,kind,cdnow,cdnow,1905,intermittent,TSM5,1.0
r2,kind,cdnow,cdnow,19846,intermittent,TSM5,0.0
r2,kind,cdnow,cdnow,21635,intermittent,TSM5,0.0
r2,kind,cdnow,cdnow,21704,intermittent,TSM5,0.0464542098235623
r2,kind,cdnow,cdnow,22001,intermittent,TSM5,0.0
r2,kind,cdnow,cdnow,22286,intermittent,TSM5,0.015167184295630501
r2,kind,cdnow,cdnow,22509,intermittent,TSM5,0.00873493906424893
r2,kind,cdnow,cdnow,23568,intermittent,TSM5,0.10084017040502499
r2,kind,cdnow,cdnow,3625,intermittent,TSM5,0.0
r2,kind,cdnow,cdnow,4124,intermittent,TSM5,0.0
r2,kind,cdnow,cdnow,4683,intermittent,TSM5,0.0525975185062265
r2,kind,cdnow,cdnow,7969,intermittent,TSM5,0.027982726122846996
r2,kind,cdnow,cdnow,8092,intermittent,TSM5,0.0436035009027383
r2,kind,cdnow,cdnow,9635,intermittent,TSM5,0.026936788512708396
r2,kind,cdnow,cdnow,9883,intermittent,TSM5,0.0
r2,kind,movielens,movielens,1346,intermittent,TSM5,0.0054406747842739005
r2,kind,movielens,movielens,1591,intermittent,TSM5,0.013721655329638198
r2,kind,movielens,movielens,1806,intermittent,TSM5,0.0
r2,kind,movielens,movielens,3267,intermittent,TSM5,0.0
r2,kind,movielens,movielens,33162,intermittent,TSM5,0.0
r2,kind,movielens,movielens,3368,intermittent,TSM5,0.0
r2,kind,movielens,movielens,3557,intermittent,TSM5,0.0
r2,kind,movielens,movielens,3581,intermittent,TSM5,0.031781183783411396
r2,kind,movielens,movielens,3909,intermittent,TSM5,0.0
r2,kind,movielens,movielens,41997,intermittent,TSM5,0.046060091445846905
r2,kind,movielens,movielens,4623,intermittent,TSM5,0.0
r2,kind,movielens,movielens,4727,intermittent,TSM5,0.015883578434588097
r2,kind,movielens,movielens,50259,intermittent,TSM5,0.0
r2,kind,movielens,movielens,5601,intermittent,TSM5,0.0
r2,kind,movielens,movielens,6239,intermittent,TSM5,0.005459667911678201
r2,kind,movielens,movielens,7980,intermittent,TSM5,0.0213513686884726
r2,kind,movielens,movielens,8684,intermittent,TSM5,0.0
r2,kind,movielens,movielens,8918,intermittent,TSM5,0.0078040496781754
r2,kind,movielens,movielens,95199,intermittent,TSM5,0.0029245566320617034
r2,kind,movielens,movielens,973,intermittent,TSM5,0.0
r2,kind,nyc_bikes,nyc_bikes,26301,intermittent,TSM5,0.0
r2,kind,nyc_bikes,nyc_bikes,26307,intermittent,TSM5,0.0
r2,kind,nyc_bikes,nyc_bikes,29477,intermittent,TSM5,0.0
r2,kind,nyc_bikes,nyc_bikes,29506,intermittent,TSM5,0.2010570357166617
r2,kind,nyc_bikes,nyc_bikes,29522,intermittent,TSM5,0.0
r2,kind,nyc_bikes,nyc_bikes,33074,intermittent,TSM5,0.0901186225646213
r2,kind,nyc_bikes,nyc_bikes,33557,intermittent,TSM5,0.0
r2,kind,nyc_bikes,nyc_bikes,33571,intermittent,TSM5,0.0
r2,kind,nycflights,nycflights,EWR-CAE,intermittent,TSM5,1.0029815657506325
r2,kind,nycflights,nycflights,EWR-LGA,intermittent,TSM5,0.0
r2,kind,nycflights,nycflights,EWR-SBN,intermittent,TSM5,0.011400670650392797
r2,kind,nycflights,nycflights,EWR-SYR,intermittent,TSM5,0.0
r2,kind,nycflights,nycflights,JFK-MVY,intermittent,TSM5,0.0
r2,kind,nycflights,nycflights,JFK-SDF,intermittent,TSM5,0.0
r2,kind,nycflights,nycflights,LGA-AVL,intermittent,TSM5,0.0
r2,kind,nycflights,nycflights,LGA-CHO,intermittent,TSM5,0.3304572720630464
r2,kind,nycflights,nycflights,LGA-CVG,intermittent,TSM5,0.016104810068174893
r2,kind,nycflights,nycflights,LGA-EYW,intermittent,TSM5,0.17265372096720277
r2,kind,nycflights,nycflights,LGA-GSP,intermittent,TSM5,0.0
r2,kind,nycflights,nycflights,LGA-IND,intermittent,TSM5,0.0827765691736651
r2,kind,nycflights,nycflights,LGA-JAX,intermittent,TSM5,0.23917543065422509
r2,kind,nycflights,nycflights,LGA-LEX,intermittent,TSM5,0.0
r2,kind,nycflights,nycflights,LGA-MHT,intermittent,TSM5,0.08788525452368309
r2,kind,nycflights,nycflights,LGA-MYR,intermittent,TSM5,0.0
r2,kind,nycflights,nycflights,LGA-PWM,intermittent,TSM5,0.0
r2,kind,nycflights,nycflights,LGA-SAV,intermittent,TSM5,0.027069794332314802
r2,kind,nycflights,nycflights,LGA-SBN,intermittent,TSM5,0.008604183666723997
r2,kind,nycflights,nycflights,LGA-TVC,intermittent,TSM5,0.0355404143339242
r2,kind,police_deaths,police_deaths,AK,intermittent,TSM5,0.026942091422744098
r2,kind,police_deaths,police_deaths,CA,intermittent,TSM5,0.0
r2,kind,police_deaths,police_deaths,DC,intermittent,TSM5,0.0171552793558456
r2,kind,police_deaths,police_deaths,IA,intermittent,TSM5,0.0162880174226507
r2,kind,police_deaths,police_deaths,IN,intermittent,TSM5,0.010877610116260206
r2,kind,police_deaths,police_deaths,LA,intermittent,TSM5,0.0411456174403983
r2,kind,police_deaths,police_deaths,MI,intermittent,TSM5,0.0354514874688891
r2,kind,police_deaths,police_deaths,NH,intermittent,TSM5,0.01479965010626691
r2,kind,police_deaths,police_deaths,NV,intermittent,TSM5,0.0257044740700973
r2,kind,police_deaths,police_deaths,OH,intermittent,TSM5,0.013493210775704097
r2,kind,police_deaths,police_deaths,PA,intermittent,TSM5,0.019967392607400096
r2,kind,police_deaths,police_deaths,RI,intermittent,TSM5,0.0282845709681759
r2,kind,police_deaths,police_deaths,RR,intermittent,TSM5,0.0
r2,kind,police_deaths,police_deaths,US,intermittent,TSM5,0.0
r2,kind,police_deaths,police_deaths,VA,intermittent,TSM5,0.0
r2,kind,police_deaths,police_deaths,VI,intermittent,TSM5,0.0182426317862847
r2,kind,police_deaths,police_deaths,VT,intermittent,TSM5,0.019057234283739302
r2,kind,police_deaths,police_deaths,WA,intermittent,TSM5,0.0220224234215209
r2,kind,police_deaths,police_deaths,WI,intermittent,TSM5,0.09878864508292229
r2,kind,police_deaths,police_deaths,WY,intermittent,TSM5,0.004286327152011604
r2,kind,storms,storms,disturbance,intermittent,TSM5,0.0481011754506552
r2,kind,storms,storms,extratropical,intermittent,TSM5,0.2922594645416916
r2,kind,storms,storms,hurricane,intermittent,TSM5,0.5828544554493262
r2,kind,storms,storms,subtropical depression,intermittent,TSM5,0.0345994121705704
r2,kind,storms,storms,subtropical storm,intermittent,TSM5,0.029418944572400796
r2,kind,storms,storms,tropical depression,intermittent,TSM5,0.524229486739433
r2,kind,storms,storms,tropical wave,intermittent,TSM5,0.0104255338241472
r2,kind,syphilis,syphilis,a10,intermittent,TSM5,0.0
r2,kind,syphilis,syphilis,a16,intermittent,TSM5,0.0
r2,kind,syphilis,syphilis,a19,intermittent,TSM5,0.0
r2,kind,syphilis,syphilis,a22,intermittent,TSM5,0.0
r2,kind,syphilis,syphilis,a23,intermittent,TSM5,0.028714898960101404
r2,kind,syphilis,syphilis,a25,intermittent,TSM5,0.0211738509897946
r2,kind,syphilis,syphilis,a26,intermittent,TSM5,0.0
r2,kind,syphilis,syphilis,a27,intermittent,TSM5,0.016081933170400298
r2,kind,syphilis,syphilis,a29,intermittent,TSM5,0.0
r2,kind,syphilis,syphilis,a3,intermittent,TSM5,0.0151968902753893
r2,kind,syphilis,syphilis,a33,intermittent,TSM5,0.0
r2,kind,syphilis,syphilis,a36,intermittent,TSM5,0.0237751037976093
r2,kind,syphilis,syphilis,a46,intermittent,TSM5,0.0
r2,kind,syphilis,syphilis,a47,intermittent,TSM5,0.0
r2,kind,syphilis,syphilis,a51,intermittent,TSM5,0.0197081897681087
r2,kind,syphilis,syphilis,a56,intermittent,TSM5,0.0012590683373152056
r2,kind,syphilis,syphilis,a58,intermittent,TSM5,0.0
r2,kind,syphilis,syphilis,a60,intermittent,TSM5,0.022245301362742498
r2,kind,syphilis,syphilis,a61,intermittent,TSM5,0.0
r2,kind,syphilis,syphilis,a7,intermittent,TSM5,0.05848561942299341
r2,kind,us_diseases,us_diseases,Smallpox|Delaware,intermittent,TSM5,0.6666666666666666
r2,kind,us_diseases,us_diseases,Smallpox|Nevada,intermittent,TSM5,0.07051482112303598
mae,fixed,babynames,babynames,Alantae|M,intermittent,TSM1,0.26608705232553725
mae,fixed,babynames,babynames,Augustis|M,intermittent,TSM1,0.48284443353795176
mae,fixed,babynames,babynames,Callah|F,intermittent,TSM1,0.4937745682180862
mae,fixed,babynames,babynames,Eloina|F,intermittent,TSM2,0.08650938672627961
mae,fixed,babynames,babynames,Jacianna|F,intermittent,TSM1,0.4955745847283788
mae,fixed,babynames,babynames,Jamaira|F,intermittent,TSM1,0.0
mae,fixed,babynames,babynames,Jamieson|F,intermittent,TSM1,0.1481217348032629
mae,fixed,babynames,babynames,Jaydalynn|F,intermittent,TSM1,0.0
mae,fixed,babynames,babynames,Joee|M,intermittent,TSM1,0.49246904643030875
mae,fixed,babynames,babynames,Junae|F,intermittent,TSM1,0.22952916692798447
mae,fixed,babynames,babynames,Kallin|F,intermittent,TSM1,0.20512431752994767
mae,fixed,babynames,babynames,Kellin|F,intermittent,TSM1,0.14222919679645007
mae,fixed,babynames,babynames,Kiesha|F,intermittent,TSM1,0.0
mae,fixed,babynames,babynames,Natisha|F,intermittent,TSM1,0.0
mae,fixed,babynames,babynames,Oaklin|M,intermittent,TSM1,0.25000442251165217
mae,fixed,babynames,babynames,Rethea|F,intermittent,TSM2,
mae,fixed,babynames,babynames,Terek|M,intermittent,TSM1,0.0820615516837044
mae,fixed,babynames,babynames,Tyrun|M,intermittent,TSM1,0.22943983733634563
mae,fixed,babynames,babynames,Yamilette|F,intermittent,TSM1,0.0
mae,fixed,babynames,babynames,Yanay|F,intermittent,TSM1,0.32889464536695073
mae,fixed,cdnow,cdnow,11939,intermittent,TSM2,
mae,fixed,cdnow,cdnow,12910,intermittent,TSM2,
mae,fixed,cdnow,cdnow,15188,intermittent,TSM2,0.03132415909197349
mae,fixed,cdnow,cdnow,16440,intermittent,TSM2,
mae,fixed,cdnow,cdnow,18943,intermittent,TSM2,0.11545872449469703
mae,fixed,cdnow,cdnow,1905,intermittent,TSM2,
mae,fixed,cdnow,cdnow,19846,intermittent,TSM2,
mae,fixed,cdnow,cdnow,21635,intermittent,TSM2,
mae,fixed,cdnow,cdnow,21704,intermittent,TSM2,0.37829354445429453
mae,fixed,cdnow,cdnow,22001,intermittent,TSM2,
mae,fixed,cdnow,cdnow,22286,intermittent,TSM2,0.30984244806442596
mae,fixed,cdnow,cdnow,22509,intermittent,TSM2,0.49336827314736736
mae,fixed,cdnow,cdnow,23568,intermittent,TSM2,0.0
mae,fixed,cdnow,cdnow,3625,intermittent,TSM2,
mae,fixed,cdnow,cdnow,4124,intermittent,TSM2,
mae,fixed,cdnow,cdnow,4683,intermittent,TSM2,0.3791520917776692
mae,fixed,cdnow,cdnow,7969,intermittent,TSM2,0.04018820111601059
mae,fixed,cdnow,cdnow,8092,intermittent,TSM2,0.145326610236483
mae,fixed,cdnow,cdnow,9635,intermittent,TSM2,0.3686048396922874
mae,fixed,cdnow,cdnow,9883,intermittent,TSM2,
mae,fixed,movielens,movielens,1346,intermittent,TSM2,2.0501024113769053
mae,fixed,movielens,movielens,1591,intermittent,TSM2,0.1383540630301254
mae,fixed,movielens,movielens,1806,intermittent,TSM2,
mae,fixed,movielens,movielens,3267,intermittent,TSM2,0.38535621218660404
mae,fixed,movielens,movielens,33162,intermittent,TSM1,0.0
mae,fixed,movielens,movielens,3368,intermittent,TSM2,3.81904410835435
mae,fixed,movielens,movielens,3557,intermittent,TSM2,6.2888552216162825
mae,fixed,movielens,movielens,3581,intermittent,TSM2,0.00572314686127138
mae,fixed,movielens,movielens,3909,intermittent,TSM2,
mae,fixed,movielens,movielens,41997,intermittent,TSM1,0.016170350755758605
mae,fixed,movielens,movielens,4623,intermittent,TSM2,0.34240116384881797
mae,fixed,movielens,movielens,4727,intermittent,TSM1,0.6325460774346665
mae,fixed,movielens,movielens,50259,intermittent,TSM1,0.49665046134791263
mae,fixed,movielens,movielens,5601,intermittent,TSM1,0.7316536298687233
mae,fixed,movielens,movielens,6239,intermittent,TSM1,0.42428610284907065
mae,fixed,movielens,movielens,7980,intermittent,TSM1,0.19753147726409048
mae,fixed,movielens,movielens,8684,intermittent,TSM1,0.49665046134791263
mae,fixed,movielens,movielens,8918,intermittent,TSM1,0.2443318089760725
mae,fixed,movielens,movielens,95199,intermittent,TSM1,0.2233773034186489
mae,fixed,movielens,movielens,973,intermittent,TSM2,
mae,fixed,nyc_bikes,nyc_bikes,26301,intermittent,TSM2,0.09050948107614394
mae,fixed,nyc_bikes,nyc_bikes,26307,intermittent,TSM2,0.0
mae,fixed,nyc_bikes,nyc_bikes,29477,intermittent,TSM2,0.06429084984721749
mae,fixed,nyc_bikes,nyc_bikes,29506,intermittent,TSM2,0.09093141678171739
mae,fixed,nyc_bikes,nyc_bikes,29522,intermittent,TSM2,0.18116312478935784
mae,fixed,nyc_bikes,nyc_bikes,33074,intermittent,TSM1,0.0
mae,fixed,nyc_bikes,nyc_bikes,33557,intermittent,TSM2,0.20804625169295726
mae,fixed,nyc_bikes,nyc_bikes,33571,intermittent,TSM2,0.23891627627763018
mae,fixed,nycflights,nycflights,EWR-CAE,intermittent,TSM2,0.0
mae,fixed,nycflights,nycflights,EWR-LGA,intermittent,TSM1,0.9671548781082062
mae,fixed,nycflights,nycflights,EWR-SBN,intermittent,TSM1,0.4671659901026815
mae,fixed,nycflights,nycflights,EWR-SYR,intermittent,TSM1,0.1581927236761822
mae,fixed,nycflights,nycflights,JFK-MVY,intermittent,TSM2,0.8557947998284796
mae,fixed,nycflights,nycflights,JFK-SDF,intermittent,TSM2,0.9434608182727212
mae,fixed,nycflights,nycflights,LGA-AVL,intermittent,TSM2,
mae,fixed,nycflights,nycflights,LGA-CHO,intermittent,TSM1,0.0
mae,fixed,nycflights,nycflights,LGA-CVG,intermittent,TSM2,0.135679420999725
mae,fixed,nycflights,nycflights,LGA-EYW,intermittent,TSM1,0.0
mae,fixed,nycflights,nycflights,LGA-GSP,intermittent,TSM2,0.012683662539126422
mae,fixed,nycflights,nycflights,LGA-IND,intermittent,TSM1,0.0
mae,fixed,nycflights,nycflights,LGA-JAX,intermittent,TSM1,0.0
mae,fixed,nycflights,nycflights,LGA-LEX,intermittent,TSM1,0.5007962602155901
mae,fixed,nycflights,nycflights,LGA-MHT,intermittent,TSM2,0.29406628445286326
mae,fixed,nycflights,nycflights,LGA-MYR,intermittent,TSM2,
mae,fixed,nycflights,nycflights,LGA-PWM,intermittent,TSM2,0.0
mae,fixed,nycflights,nycflights,LGA-SAV,intermittent,TSM1,0.0
mae,fixed,nycflights,nycflights,LGA-SBN,intermittent,TSM1,0.17614972026532927
mae,fixed,nycflights,nycflights,LGA-TVC,intermittent,TSM2,0.7873748320987456
mae,fixed,police_deaths,police_deaths,AK,intermittent,TSM2,0.2464798877195781
mae,fixed,police_deaths,police_deaths,CA,intermittent,TSM2,0.02069934108421755
mae,fixed,police_deaths,police_deaths,DC,intermittent,TSM2,0.02120599946289711
mae,fixed,police_deaths,police_deaths,IA,intermittent,TSM1,0.06875683872794806
mae,fixed,police_deaths,police_deaths,IN,intermittent,TSM2,0.07044696772237496
mae,fixed,police_deaths,police_deaths,LA,intermittent,TSM2,0.19013178821698648
mae,fixed,police_deaths,police_deaths,MI,intermittent,TSM2,0.11918824942953228
mae,fixed,police_deaths,police_deaths,NH,intermittent,TSM1,0.3098686659311601
mae,fixed,police_deaths,police_deaths,NV,intermittent,TSM2,0.06883105895482683
mae,fixed,police_deaths,police_deaths,OH,intermittent,TSM2,0.01208288456487047
mae,fixed,police_deaths,police_deaths,PA,intermittent,TSM2,9.629097800388788e-05
mae,fixed,police_deaths,police_deaths,RI,intermittent,TSM2,0.5225948064929717
mae,fixed,police_deaths,police_deaths,RR,intermittent,TSM1,0.5698013145458379
mae,fixed,police_deaths,police_deaths,US,intermittent,TSM2,0.017550263188275288
mae,fixed,police_deaths,police_deaths,VA,intermittent,TSM2,9.710135208895743e-05
mae,fixed,police_deaths,police_deaths,VI,intermittent,TSM1,0.16583250298821148
mae,fixed,police_deaths,police_deaths,VT,intermittent,TSM1,0.3427847420734446
mae,fixed,police_deaths,police_deaths,WA,intermittent,TSM2,0.026158084114313983
mae,fixed,police_deaths,police_deaths,WI,intermittent,TSM2,0.09031032891743483
mae,fixed,police_deaths,police_deaths,WY,intermittent,TSM1,0.1999830695914261
mae,fixed,storms,storms,disturbance,intermittent,TSM2,0.0005741383876344981
mae,fixed,storms,storms,extratropical,intermittent,TSM2,0.0
mae,fixed,storms,storms,hurricane,intermittent,TSM2,0.0
mae,fixed,storms,storms,subtropical depression,intermittent,TSM2,0.023734435049298848
mae,fixed,storms,storms,subtropical storm,intermittent,TSM2,0.0
mae,fixed,storms,storms,tropical depression,intermittent,TSM2,0.0
mae,fixed,storms,storms,tropical wave,intermittent,TSM1,0.32365565063382434
mae,fixed,syphilis,syphilis,a10,intermittent,TSM2,0.0055052733821983335
mae,fixed,syphilis,syphilis,a16,intermittent,TSM2,0.403614289296037
mae,fixed,syphilis,syphilis,a19,intermittent,TSM2,0.19393606576739317
mae,fixed,syphilis,syphilis,a22,intermittent,TSM2,0.11257549717696508
mae,fixed,syphilis,syphilis,a23,intermittent,TSM2,0.0003476114105129061
mae,fixed,syphilis,syphilis,a25,intermittent,TSM2,8.4514049603357e-05
mae,fixed,syphilis,syphilis,a26,intermittent,TSM1,0.4952567832385891
mae,fixed,syphilis,syphilis,a27,intermittent,TSM2,1.0166998487947927
mae,fixed,syphilis,syphilis,a29,intermittent,TSM2,0.035705075501817604
mae,fixed,syphilis,syphilis,a3,intermittent,TSM2,0.0021913039535763124
mae,fixed,syphilis,syphilis,a33,intermittent,TSM2,0.013469282844660467
mae,fixed,syphilis,syphilis,a36,intermittent,TSM2,0.0
mae,fixed,syphilis,syphilis,a46,intermittent,TSM2,0.02826881163966983
mae,fixed,syphilis,syphilis,a47,intermittent,TSM2,0.0990912596312434
mae,fixed,syphilis,syphilis,a51,intermittent,TSM2,0.0
mae,fixed,syphilis,syphilis,a56,intermittent,TSM1,0.5486836134254278
mae,fixed,syphilis,syphilis,a58,intermittent,TSM2,
mae,fixed,syphilis,syphilis,a60,intermittent,TSM2,0.049864896574369384
mae,fixed,syphilis,syphilis,a61,intermittent,TSM2,0.03964268714741759
mae,fixed,syphilis,syphilis,a7,intermittent,TSM2,0.028708268533906636
mae,fixed,us_diseases,us_diseases,Smallpox|Delaware,intermittent,TSM2,
mae,fixed,us_diseases,us_diseases,Smallpox|Nevada,intermittent,TSM1,0.17273666675363528
mae,kind,babynames,babynames,Alantae|M,intermittent,TSM5,0.17618872882972125
mae,kind,babynames,babynames,Augustis|M,intermittent,TSM5,0.07882312278384829
mae,kind,babynames,babynames,Callah|F,intermittent,TSM5,0.09835408038199528
mae,kind,babynames,babynames,Eloina|F,intermittent,TSM5,0.055626533181230176
mae,kind,babynames,babynames,Jacianna|F,intermittent,TSM5,0.0
mae,kind,babynames,babynames,Jamaira|F,intermittent,TSM5,0.04013435932063179
mae,kind,babynames,babynames,Jamieson|F,intermittent,TSM5,0.0895653592536889
mae,kind,babynames,babynames,Jaydalynn|F,intermittent,TSM5,0.0581551841486251
mae,kind,babynames,babynames,Joee|M,intermittent,TSM5,0.0
mae,kind,babynames,babynames,Junae|F,intermittent,TSM5,0.14331419512105872
mae,kind,babynames,babynames,Kallin|F,intermittent,TSM5,0.1602898544377848
mae,kind,babynames,babynames,Kellin|F,intermittent,TSM5,0.07694774682837625
mae,kind,babynames,babynames,Kiesha|F,intermittent,TSM5,0.46125214398191117
mae,kind,babynames,babynames,Natisha|F,intermittent,TSM5,0.8576101894821708
mae,kind,babynames,babynames,Oaklin|M,intermittent,TSM5,3.125000000004282e-05
mae,kind,babynames,babynames,Rethea|F,intermittent,TSM5,
mae,kind,babynames,babynames,Terek|M,intermittent,TSM5,0.0
mae,kind,babynames,babynames,Tyrun|M,intermittent,TSM5,0.07379504261842619
mae,kind,babynames,babynames,Yamilette|F,intermittent,TSM5,0.3915667579696745
mae,kind,babynames,babynames,Yanay|F,intermittent,TSM5,0.0
mae,kind,cdnow,cdnow,11939,intermittent,TSM5,
mae,kind,cdnow,cdnow,12910,intermittent,TSM5,
mae,kind,cdnow,cdnow,15188,intermittent,TSM5,0.0
mae,kind,cdnow,cdnow,16440,intermittent,TSM5,
mae,kind,cdnow,cdnow,18943,intermittent,TSM5,0.07135874271906527
mae,kind,cdnow,cdnow,1905,intermittent,TSM5,
mae,kind,cdnow,cdnow,19846,intermittent,TSM5,
mae,kind,cdnow,cdnow,21635,intermittent,TSM5,
mae,kind,cdnow,cdnow,21704,intermittent,TSM5,0.0
mae,kind,cdnow,cdnow,22001,intermittent,TSM5,
mae,kind,cdnow,cdnow,22286,intermittent,TSM5,0.0
mae,kind,cdnow,cdnow,22509,intermittent,TSM5,0.0
mae,kind,cdnow,cdnow,23568,intermittent,TSM5,0.08041822849049157
mae,kind,cdnow,cdnow,3625,intermittent,TSM5,
mae,kind,cdnow,cdnow,4124,intermittent,TSM5,
mae,kind,cdnow,cdnow,4683,intermittent,TSM5,0.013500187895462586
mae,kind,cdnow,cdnow,7969,intermittent,TSM5,0.0
mae,kind,cdnow,cdnow,8092,intermittent,TSM5,0.0
mae,kind,cdnow,cdnow,9635,intermittent,TSM5,0.0
mae,kind,cdnow,cdnow,9883,intermittent,TSM5,
mae,kind,movielens,movielens,1346,intermittent,TSM5,0.0
mae,kind,movielens,movielens,1591,intermittent,TSM5,0.0
mae,kind,movielens,movielens,1806,intermittent,TSM5,
mae,kind,movielens,movielens,3267,intermittent,TSM5,0.0
mae,kind,movielens,movielens,33162,intermittent,TSM5,0.06674095700818009
mae,kind,movielens,movielens,3368,intermittent,TSM5,0.0
mae,kind,movielens,movielens,3557,intermittent,TSM5,0.0
mae,kind,movielens,movielens,3581,intermittent,TSM5,0.0
mae,kind,movielens,movielens,3909,intermittent,TSM5,
mae,kind,movielens,movielens,41997,intermittent,TSM5,0.039044177450771524
mae,kind,movielens,movielens,4623,intermittent,TSM5,0.0
mae,kind,movielens,movielens,4727,intermittent,TSM5,0.0
mae,kind,movielens,movielens,50259,intermittent,TSM5,0.19252146865071476
mae,kind,movielens,movielens,5601,intermittent,TSM5,0.0
mae,kind,movielens,movielens,6239,intermittent,TSM5,0.0
mae,kind,movielens,movielens,7980,intermittent,TSM5,0.1155294618290576
mae,kind,movielens,movielens,8684,intermittent,TSM5,0.19252146865071476
mae,kind,movielens,movielens,8918,intermittent,TSM5,0.0
mae,kind,movielens,movielens,95199,intermittent,TSM5,0.0634294025027026
mae,kind,movielens,movielens,973,intermittent,TSM5,
mae,kind,nyc_bikes,nyc_bikes,26301,intermittent,TSM5,0.0
mae,kind,nyc_bikes,nyc_bikes,26307,intermittent,TSM5,0.01997021627106034
mae,kind,nyc_bikes,nyc_bikes,29477,intermittent,TSM5,0.0
mae,kind,nyc_bikes,nyc_bikes,29506,intermittent,TSM5,0.062202790378161274
mae,kind,nyc_bikes,nyc_bikes,29522,intermittent,TSM5,0.0
mae,kind,nyc_bikes,nyc_bikes,33074,intermittent,TSM5,0.1315496119553187
mae,kind,nyc_bikes,nyc_bikes,33557,intermittent,TSM5,0.0
mae,kind,nyc_bikes,nyc_bikes,33571,intermittent,TSM5,0.0
mae,kind,nycflights,nycflights,EWR-CAE,intermittent,TSM5,0.7055725324550753
mae,kind,nycflights,nycflights,EWR-LGA,intermittent,TSM5,0.0
mae,kind,nycflights,nycflights,EWR-SBN,intermittent,TSM5,0.1339281549368298
mae,kind,nycflights,nycflights,EWR-SYR,intermittent,TSM5,0.0
mae,kind,nycflights,nycflights,JFK-MVY,intermittent,TSM5,0.0
mae,kind,nycflights,nycflights,JFK-SDF,intermittent,TSM5,0.0
mae,kind,nycflights,nycflights,LGA-AVL,intermittent,TSM5,
mae,kind,nycflights,nycflights,LGA-CHO,intermittent,TSM5,0.7773653206443648
mae,kind,nycflights,nycflights,LGA-CVG,intermittent,TSM5,0.0
mae,kind,nycflights,nycflights,LGA-EYW,intermittent,TSM5,2.1729415792169893
mae,kind,nycflights,nycflights,LGA-GSP,intermittent,TSM5,0.0
mae,kind,nycflights,nycflights,LGA-IND,intermittent,TSM5,0.08451871407632709
mae,kind,nycflights,nycflights,LGA-JAX,intermittent,TSM5,0.19614372370521624
mae,kind,nycflights,nycflights,LGA-LEX,intermittent,TSM5,0.23894851359054262
mae,kind,nycflights,nycflights,LGA-MHT,intermittent,TSM5,0.0
mae,kind,nycflights,nycflights,LGA-MYR,intermittent,TSM5,
mae,kind,nycflights,nycflights,LGA-PWM,intermittent,TSM5,0.03478881414205207
mae,kind,nycflights,nycflights,LGA-SAV,intermittent,TSM5,0.16529644908350422
mae,kind,nycflights,nycflights,LGA-SBN,intermittent,TSM5,0.17940967252526183
mae,kind,nycflights,nycflights,LGA-TVC,intermittent,TSM5,0.0
mae,kind,police_deaths,police_deaths,AK,intermittent,TSM5,0.0
mae,kind,police_deaths,police_deaths,CA,intermittent,TSM5,0.0
mae,kind,police_deaths,police_deaths,DC,intermittent,TSM5,0.021892929977510016
mae,kind,police_deaths,police_deaths,IA,intermittent,TSM5,0.1532764573363962
mae,kind,police_deaths,police_deaths,IN,intermittent,TSM5,0.0
mae,kind,police_deaths,police_deaths,LA,intermittent,TSM5,0.010002074701421913
mae,kind,police_deaths,police_deaths,MI,intermittent,TSM5,0.03975507224309035
mae,kind,police_deaths,police_deaths,NH,intermittent,TSM5,0.2128163161824422
mae,kind,police_deaths,police_deaths,NV,intermittent,TSM5,0.075123447763277
mae,kind,police_deaths,police_deaths,OH,intermittent,TSM5,0.004569747798543598
mae,kind,police_deaths,police_deaths,PA,intermittent,TSM5,0.023080650430215364
mae,kind,police_deaths,police_deaths,RI,intermittent,TSM5,0.0
mae,kind,police_deaths,police_deaths,RR,intermittent,TSM5,0.0
mae,kind,police_deaths,police_deaths,US,intermittent,TSM5,0.0
mae,kind,police_deaths,police_deaths,VA,intermittent,TSM5,0.029165224672625157
mae,kind,police_deaths,police_deaths,VI,intermittent,TSM5,0.1518941106354749
mae,kind,police_deaths,police_deaths,VT,intermittent,TSM5,0.0
mae,kind,police_deaths,police_deaths,WA,intermittent,TSM5,0.0
mae,kind,police_deaths,police_deaths,WI,intermittent,TSM5,0.13766427479310617
mae,kind,police_deaths,police_deaths,WY,intermittent,TSM5,0.17950004647320358
mae,kind,storms,storms,disturbance,intermittent,TSM5,0.1308243200334384
mae,kind,storms,storms,extratropical,intermittent,TSM5,0.4823212766688819
mae,kind,storms,storms,hurricane,intermittent,TSM5,0.6488497937300567
mae,kind,storms,storms,subtropical depression,intermittent,TSM5,0.16297210575770182
mae,kind,storms,storms,subtropical storm,intermittent,TSM5,0.11568112400234784
mae,kind,storms,storms,tropical depression,intermittent,TSM5,0.5171876377446282
mae,kind,storms,storms,tropical wave,intermittent,TSM5,0.0
mae,kind,syphilis,syphilis,a10,intermittent,TSM5,0.0
mae,kind,syphilis,syphilis,a16,intermittent,TSM5,0.0
mae,kind,syphilis,syphilis,a19,intermittent,TSM5,0.0
mae,kind,syphilis,syphilis,a22,intermittent,TSM5,0.0
mae,kind,syphilis,syphilis,a23,intermittent,TSM5,0.15760533129563806
mae,kind,syphilis,syphilis,a25,intermittent,TSM5,0.04999065113098854
mae,kind,syphilis,syphilis,a26,intermittent,TSM5,0.0
mae,kind,syphilis,syphilis,a27,intermittent,TSM5,0.0
mae,kind,syphilis,syphilis,a29,intermittent,TSM5,0.0
mae,kind,syphilis,syphilis,a3,intermittent,TSM5,0.01047041440167568
mae,kind,syphilis,syphilis,a33,intermittent,TSM5,0.0
mae,kind,syphilis,syphilis,a36,intermittent,TSM5,0.017813216808161066
mae,kind,syphilis,syphilis,a46,intermittent,TSM5,0.0
mae,kind,syphilis,syphilis,a47,intermittent,TSM5,0.0
mae,kind,syphilis,syphilis,a51,intermittent,TSM5,0.011520431908659265
mae,kind,syphilis,syphilis,a56,intermittent,TSM5,0.09096188129702035
mae,kind,syphilis,syphilis,a58,intermittent,TSM5,
mae,kind,syphilis,syphilis,a60,intermittent,TSM5,0.0
mae,kind,syphilis,syphilis,a61,intermittent,TSM5,0.0
mae,kind,syphilis,syphilis,a7,intermittent,TSM5,0.0
mae,kind,us_diseases,us_diseases,Smallpox|Delaware,intermittent,TSM5,
mae,kind,us_diseases,us_diseases,Smallpox|Nevada,intermittent,TSM5,0.0
