dataset,task,family,rows,features,signature,best_model,best,first_model,first,top4,boosting,tuned,tabpfn,eligible_mean,eligible_worst,best_ruled_out,best_ruled_out_model,ruled_out_why,n_eligible,n_ruled_out,regret_first,regret_top4,regret_boosting,regret_eligible_mean
1027_ESL,regression,1027_ESL,488,4,A11 A21 A32 A41 A53 A61,NN2,0.8464,EN2,0.8345,0.8345,0.7898,0.7946,,0.6769,-0.0161,0.8437,LM7,needs A31 data (yours is A32),14,5,0.0118,0.0118,0.0566,0.1695
1028_SWD,regression,1028_SWD,1000,10,A11 A21 A32 A41 A53 A61,EN6,0.4169,EN2,0.3893,0.3893,0.3622,0.3818,,0.3132,-0.0023,0.4127,LM7,needs A31 data (yours is A32),14,5,0.0276,0.0276,0.0547,0.1037
1029_LEV,regression,1029_LEV,1000,4,A11 A21 A32 A41 A53 A61,LM3,0.5533,EN2,0.531,0.531,0.5141,0.5367,,0.4349,-0.0067,0.5533,LM3,needs A31 data (yours is A32),14,5,0.0223,0.0223,0.0393,0.1184
1030_ERA,regression,1030_ERA,1000,4,A11 A21 A31 A41 A53 A61,EN6,0.3559,EN2,0.3385,0.3385,0.3347,0.3358,,0.3055,-0.0148,,,,19,0,0.0174,0.0174,0.0212,0.0504
1199_BNG_echoMonths,regression,bng,5000,9,A11 A21 A38 A41 A53 A61,EN2,0.4378,EN2,0.4378,0.4378,0.4283,0.4431,,0.384,-0.095,,,,19,0,0.0,0.0,0.0095,0.0538
197_cpu_act,regression,197_cpu_act,5000,21,A11 A21 A31 A41 A53 A61,EN4,0.9827,EN2,0.9802,0.9827,0.9811,0.9828,,0.8583,0.5367,,,,19,0,0.0026,0.0,0.0016,0.1245
201_pol,regression,201_pol,5000,48,A11 A21 A38 A41 A53 A61,TR3,0.9825,EN2,0.9304,0.9825,0.9792,0.9827,,0.7558,0.4065,,,,19,0,0.0522,0.0,0.0034,0.2267
225_puma8NH,regression,225_puma8NH,5000,8,A11 A21 A31 A41 A53 A61,NN2,0.6703,EN2,0.6602,0.6602,0.6591,0.6638,,0.508,0.2945,,,,19,0,0.0101,0.0101,0.0112,0.1623
227_cpu_small,regression,227_cpu_small,5000,12,A11 A21 A31 A41 A53 A61,EN4,0.976,EN2,0.974,0.976,0.9741,0.9736,,0.8563,0.5396,,,,19,0,0.002,0.0,0.0019,0.1197
229_pwLinear,regression,229_pwLinear,200,10,A11 A21 A32 A41 A53 A61,EN2,0.8555,EN2,0.8555,0.8555,0.8507,0.8507,,0.6923,0.2308,0.722,LM7,needs A31 data (yours is A32),14,5,0.0,0.0,0.0048,0.1632
230_machine_cpu,regression,230_machine_cpu,209,6,A11 A21 A31 A41 A54 A61,EN2,0.8921,EN2,0.8921,0.8921,0.7152,0.7834,,0.7639,-0.0154,,,,19,0,0.0,0.0,0.1769,0.1282
294_satellite_image,regression,294_satellite_image,5000,36,A11 A21 A31 A41 A53 A61,TR3,0.9051,EN2,0.8652,0.9051,0.9007,0.9047,,0.77,0.2958,,,,19,0,0.0399,0.0,0.0044,0.1351
503_wind,regression,503_wind,5000,14,A11 A21 A31 A41 A53 A61,NN2,0.7978,EN2,0.7825,0.7888,0.7897,0.7916,,0.7459,0.5446,,,,19,0,0.0153,0.009,0.0081,0.0519
519_vinnie,regression,519_vinnie,380,2,A11 A21 A38 A41 A54 A61,LM3,0.7363,EN2,0.7013,0.7076,0.7076,0.6949,,0.6976,0.5807,,,,19,0,0.035,0.0288,0.0288,0.0387
522_pm10,regression,522_pm10,500,7,A11 A21 A31 A41 A53 A61,BASE-HGB,0.4588,EN2,0.4313,0.4568,0.4588,0.4586,,0.228,-0.1401,,,,19,0,0.0275,0.002,0.0,0.2308
529_pollen,regression,529_pollen,3848,4,A11 A21 A31 A41 A53 A61,EN6,0.7937,EN2,0.764,0.764,0.7622,0.7689,,0.7007,0.2486,,,,19,0,0.0296,0.0296,0.0315,0.093
547_no2,regression,547_no2,500,7,A11 A21 A31 A41 A53 A61,TR2,0.5792,EN2,0.5693,0.5792,0.5736,0.5712,,0.4483,-0.0068,,,,19,0,0.0099,0.0,0.0056,0.1309
556_analcatdata_apnea2,regression,556_analcatdata_apnea2,475,3,A11 A21 A38 A41 A54 A61,LM6,0.906,EN2,0.9046,0.9046,0.7357,0.9178,,0.5537,-0.0727,,,,19,0,0.0014,0.0014,0.1703,0.3522
557_analcatdata_apnea1,regression,557_analcatdata_apnea1,475,3,A11 A21 A38 A41 A54 A61,EN3,0.906,EN2,0.9041,0.9041,0.7141,0.9119,,0.55,-0.0696,,,,19,0,0.002,0.002,0.192,0.3561
560_bodyfat,regression,560_bodyfat,252,14,A11 A21 A31 A41 A54 A61,SV1,0.9732,EN2,0.9589,0.9695,0.9551,0.9575,,0.9273,0.7845,,,,19,0,0.0143,0.0037,0.018,0.0458
561_cpu,regression,561_cpu,209,7,A11 A21 A31 A41 A54 A61,LM6,0.9983,EN2,0.9529,0.9529,0.7061,0.8092,,0.8206,-0.0159,,,,19,0,0.0455,0.0455,0.2922,0.1778
562_cpu_small,regression,562_cpu_small,5000,12,A11 A21 A31 A41 A53 A61,EN4,0.976,EN2,0.974,0.976,0.9741,0.9736,,0.8563,0.5395,,,,19,0,0.002,0.0,0.0019,0.1197
573_cpu_act,regression,573_cpu_act,5000,21,A11 A21 A31 A41 A53 A61,EN4,0.9827,EN2,0.9802,0.9827,0.9811,0.9828,,0.8583,0.5367,,,,19,0,0.0026,0.0,0.0016,0.1245
579_fri_c0_250_5,regression,friedman,250,5,A11 A21 A31 A41 A53 A61,NN2,0.8872,EN2,0.8197,0.8361,0.8436,0.8223,,0.6767,-0.0336,,,,19,0,0.0675,0.0511,0.0436,0.2105
581_fri_c3_500_25,regression,friedman,500,25,A11 A21 A31 A41 A53 A61,EN4,0.8927,EN2,0.8917,0.8927,0.8911,0.9067,,0.3234,-2.2858,,,,19,0,0.0009,0.0,0.0015,0.5692
582_fri_c1_500_25,regression,friedman,500,25,A11 A21 A31 A41 A53 A61,EN2,0.8852,EN2,0.8852,0.8852,0.8758,0.8893,,0.2878,-2.5526,,,,19,0,0.0,0.0,0.0094,0.5974
583_fri_c1_1000_50,regression,friedman,1000,50,A11 A21 A31 A41 A53 A61,EN2,0.9231,EN2,0.9231,0.9231,0.9174,0.9281,,0.4032,-0.7749,,,,19,0,0.0,0.0,0.0057,0.5199
584_fri_c4_500_25,regression,friedman,500,25,A11 A21 A31 A41 A53 A61,BASE-HGB,0.88,EN2,0.8685,0.873,0.88,0.9005,,0.3444,-1.6318,,,,19,0,0.0114,0.007,0.0,0.5355
586_fri_c3_1000_25,regression,friedman,1000,25,A11 A21 A31 A41 A53 A61,EN4,0.9263,EN2,0.9235,0.9263,0.9253,0.9376,,0.4999,-0.0051,,,,19,0,0.0029,0.0,0.001,0.4265
588_fri_c4_1000_100,regression,friedman,1000,100,A11 A21 A31 A41 A53 A61,EN2,0.921,EN2,0.921,0.921,0.9126,0.9281,,0.436,-0.0846,,,,19,0,0.0,0.0,0.0084,0.485
589_fri_c2_1000_25,regression,friedman,1000,25,A11 A21 A31 A41 A53 A61,EN2,0.9219,EN2,0.9219,0.9219,0.9202,0.9371,,0.4508,-0.2896,,,,19,0,0.0,0.0,0.0016,0.4711
590_fri_c0_1000_50,regression,friedman,1000,50,A11 A21 A31 A41 A53 A61,EN2,0.8874,EN2,0.8874,0.8874,0.8802,0.8942,,0.6075,-0.0032,,,,19,0,0.0,0.0,0.0072,0.2799
592_fri_c4_1000_25,regression,friedman,1000,25,A11 A21 A31 A41 A53 A61,TR3,0.9152,EN2,0.906,0.9152,0.914,0.935,,0.4758,-0.0247,,,,19,0,0.0093,0.0,0.0012,0.4394
593_fri_c1_1000_10,regression,friedman,1000,10,A11 A21 A31 A41 A53 A61,EN2,0.9391,EN2,0.9391,0.9391,0.9351,0.9465,,0.581,-0.0076,,,,19,0,0.0,0.0,0.004,0.3581
595_fri_c0_1000_10,regression,friedman,1000,10,A11 A21 A31 A41 A53 A61,NN2,0.9185,EN2,0.897,0.897,0.896,0.9112,,0.7064,-0.0074,,,,19,0,0.0215,0.0215,0.0225,0.2121
596_fri_c2_250_5,regression,friedman,250,5,A11 A21 A31 A41 A54 A61,TR3,0.891,EN2,0.8678,0.891,0.855,0.8693,,0.5611,-0.027,,,,19,0,0.0232,0.0,0.036,0.3299
597_fri_c2_500_5,regression,friedman,500,5,A11 A21 A31 A41 A53 A61,NN2,0.9407,EN2,0.9173,0.928,0.924,0.9306,,0.6101,-0.0448,,,,19,0,0.0234,0.0127,0.0167,0.3306
598_fri_c0_1000_25,regression,friedman,1000,25,A11 A21 A31 A41 A53 A61,EN2,0.9009,EN2,0.9009,0.9009,0.895,0.9064,,0.6654,-0.0028,,,,19,0,0.0,0.0,0.0059,0.2355
599_fri_c2_1000_5,regression,friedman,1000,5,A11 A21 A31 A41 A53 A61,NN2,0.9487,EN2,0.9397,0.9486,0.9446,0.9536,,0.6438,-0.0066,,,,19,0,0.009,0.0001,0.004,0.3049
601_fri_c1_250_5,regression,friedman,250,5,A11 A21 A31 A41 A53 A61,NN2,0.9014,EN2,0.8822,0.8977,0.8883,0.8933,,0.5753,-0.028,,,,19,0,0.0192,0.0037,0.013,0.326
602_fri_c3_250_10,regression,friedman,250,10,A11 A21 A31 A41 A53 A61,TR3,0.8467,EN2,0.822,0.8467,0.8364,0.8351,,0.4518,-0.0248,,,,19,0,0.0247,0.0,0.0103,0.3949
603_fri_c0_250_50,regression,friedman,250,50,A11 A21 A31 A42 A54 A61,EN4,0.7948,EN2,0.7436,0.7948,0.7834,0.7894,,0.4909,-0.0324,,,,19,0,0.0512,0.0,0.0114,0.3039
604_fri_c4_500_10,regression,friedman,500,10,A11 A21 A31 A41 A53 A61,TR3,0.9128,EN2,0.8976,0.9128,0.9,0.9181,,0.5489,-0.0087,,,,19,0,0.0152,0.0,0.0128,0.3639
605_fri_c2_250_25,regression,friedman,250,25,A11 A21 A31 A41 A54 A61,EN2,0.8553,EN2,0.8553,0.8553,0.8282,0.8349,,0.389,-0.2859,,,,19,0,0.0,0.0,0.0271,0.4664
606_fri_c2_1000_10,regression,friedman,1000,10,A11 A21 A31 A41 A53 A61,BASE-HGB,0.9344,EN2,0.9292,0.9327,0.9344,0.9439,,0.5964,-0.0061,,,,19,0,0.0052,0.0017,0.0,0.338
607_fri_c4_1000_50,regression,friedman,1000,50,A11 A21 A31 A41 A53 A61,BASE-HGB,0.9163,EN2,0.9124,0.916,0.9163,0.9317,,0.3587,-1.3628,,,,19,0,0.0039,0.0003,0.0,0.5577
608_fri_c3_1000_10,regression,friedman,1000,10,A11 A21 A31 A41 A53 A61,TR3,0.9366,EN2,0.9244,0.9366,0.9231,0.9367,,0.5943,-0.0029,,,,19,0,0.0122,0.0,0.0136,0.3424
609_fri_c0_1000_5,regression,friedman,1000,5,A11 A21 A31 A41 A53 A61,SV2,0.9447,EN2,0.9077,0.915,0.9167,0.9224,,0.7494,-0.0033,,,,19,0,0.037,0.0297,0.028,0.1953
612_fri_c1_1000_5,regression,friedman,1000,5,A11 A21 A31 A41 A53 A61,TR3,0.9489,EN2,0.9364,0.9489,0.9455,0.9522,,0.6289,-0.0029,,,,19,0,0.0125,0.0,0.0034,0.32
613_fri_c3_250_5,regression,friedman,250,5,A11 A21 A31 A41 A53 A61,NN2,0.9134,EN2,0.8538,0.8769,0.8444,0.8557,,0.5755,-0.0111,,,,19,0,0.0595,0.0364,0.069,0.3379
615_fri_c4_250_10,regression,friedman,250,10,A11 A21 A31 A41 A54 A61,EN3,0.8359,EN2,0.8249,0.8249,0.8133,0.8334,,0.5109,-0.0171,,,,19,0,0.011,0.011,0.0226,0.325
616_fri_c4_500_50,regression,friedman,500,50,A11 A21 A31 A41 A53 A61,BASE-HGB,0.8489,EN2,0.8478,0.8478,0.8489,0.8749,,0.3599,-0.2867,,,,19,0,0.0011,0.0011,0.0,0.4889
617_fri_c3_500_5,regression,friedman,500,5,A11 A21 A31 A41 A53 A61,TR3,0.9154,EN2,0.9024,0.9154,0.9063,0.924,,0.5941,-0.006,,,,19,0,0.013,0.0,0.0092,0.3213
618_fri_c3_1000_50,regression,friedman,1000,50,A11 A21 A31 A41 A53 A61,EN2,0.917,EN2,0.917,0.917,0.916,0.9332,,0.4255,-0.7468,,,,19,0,0.0,0.0,0.001,0.4915
620_fri_c1_1000_25,regression,friedman,1000,25,A11 A21 A31 A41 A53 A61,BASE-HGB,0.9258,EN2,0.9222,0.9248,0.9258,0.9346,,0.437,-0.2144,,,,19,0,0.0036,0.001,0.0,0.4889
622_fri_c2_1000_50,regression,friedman,1000,50,A11 A21 A31 A41 A53 A61,EN2,0.9207,EN2,0.9207,0.9207,0.9145,0.9276,,0.3756,-1.2072,,,,19,0,0.0,0.0,0.0062,0.5451
623_fri_c4_1000_10,regression,friedman,1000,10,A11 A21 A31 A41 A53 A61,TR3,0.931,EN2,0.9261,0.931,0.9271,0.9423,,0.5947,-0.0032,,,,19,0,0.005,0.0,0.0039,0.3363
626_fri_c2_500_50,regression,friedman,500,50,A11 A21 A31 A41 A53 A61,EN2,0.8891,EN2,0.8891,0.8891,0.88,0.8881,,0.3777,-0.2878,,,,19,0,0.0,0.0,0.009,0.5114
627_fri_c2_500_10,regression,friedman,500,10,A11 A21 A31 A41 A53 A61,TR3,0.9056,EN2,0.9056,0.9056,0.8975,0.9221,,0.5304,-0.0039,,,,19,0,0.0001,0.0,0.0082,0.3753
628_fri_c3_1000_5,regression,friedman,1000,5,A11 A21 A31 A41 A53 A61,TR3,0.9452,EN2,0.9243,0.9452,0.9396,0.9496,,0.636,-0.0069,,,,19,0,0.0209,0.0,0.0056,0.3092
631_fri_c1_500_5,regression,friedman,500,5,A11 A21 A31 A41 A53 A61,NN2,0.9297,EN2,0.8962,0.9219,0.8942,0.9167,,0.5868,-0.0067,,,,19,0,0.0335,0.0078,0.0354,0.3429
633_fri_c0_500_25,regression,friedman,500,25,A11 A21 A31 A41 A53 A61,BASE-HGB,0.8773,EN2,0.8702,0.8743,0.8773,0.8826,,0.6142,-0.004,,,,19,0,0.0071,0.0029,0.0,0.263
635_fri_c0_250_10,regression,friedman,250,10,A11 A21 A31 A41 A53 A61,BASE-HGB,0.8274,EN2,0.8003,0.823,0.8274,0.842,,0.6186,-0.0177,,,,19,0,0.0271,0.0045,0.0,0.2089
637_fri_c1_500_50,regression,friedman,500,50,A11 A21 A31 A41 A53 A61,EN2,0.8794,EN2,0.8794,0.8794,0.8632,0.8672,,0.3334,-0.2749,,,,19,0,0.0,0.0,0.0162,0.546
641_fri_c1_500_10,regression,friedman,500,10,A11 A21 A31 A41 A53 A61,TR3,0.9111,EN2,0.9103,0.9111,0.9087,0.918,,0.5291,-0.0243,,,,19,0,0.0008,0.0,0.0025,0.382
643_fri_c2_500_25,regression,friedman,500,25,A11 A21 A31 A41 A53 A61,EN2,0.8925,EN2,0.8925,0.8925,0.8877,0.8948,,0.2279,-2.891,,,,19,0,0.0,0.0,0.0048,0.6646
644_fri_c4_250_25,regression,friedman,250,25,A11 A21 A31 A41 A54 A61,TR3,0.794,EN2,0.7913,0.794,0.7734,0.7653,,0.2387,-1.2578,,,,19,0,0.0027,0.0,0.0206,0.5552
645_fri_c3_500_50,regression,friedman,500,50,A11 A21 A31 A41 A53 A61,EN2,0.8622,EN2,0.8622,0.8622,0.8585,0.8735,,0.427,-0.0717,,,,19,0,0.0,0.0,0.0037,0.4352
646_fri_c3_500_10,regression,friedman,500,10,A11 A21 A31 A41 A53 A61,EN2,0.9097,EN2,0.9097,0.9097,0.8999,0.9088,,0.555,-0.0154,,,,19,0,0.0,0.0,0.0098,0.3547
647_fri_c1_250_10,regression,friedman,250,10,A11 A21 A31 A41 A54 A61,EN2,0.8583,EN2,0.8583,0.8583,0.8505,0.848,,0.4136,-0.0477,,,,19,0,0.0,0.0,0.0078,0.4446
648_fri_c1_250_50,regression,friedman,250,50,A11 A21 A31 A42 A54 A61,BASE-HGB,0.8414,EN2,0.8361,0.8379,0.8414,0.8305,,0.3586,-0.0335,,,,19,0,0.0053,0.0036,0.0,0.4829
649_fri_c0_500_5,regression,friedman,500,5,A11 A21 A31 A41 A53 A61,SV2,0.9258,EN2,0.8931,0.8937,0.8957,0.9022,,0.7237,-0.0166,,,,19,0,0.0327,0.032,0.03,0.2021
650_fri_c0_500_50,regression,friedman,500,50,A11 A21 A31 A41 A53 A61,EN2,0.8566,EN2,0.8566,0.8566,0.845,0.8578,,0.5993,-0.003,,,,19,0,0.0,0.0,0.0116,0.2573
653_fri_c0_250_25,regression,friedman,250,25,A11 A21 A31 A41 A54 A61,EN4,0.7957,EN2,0.7818,0.7957,0.7911,0.8152,,0.5543,-0.0161,,,,19,0,0.0139,0.0,0.0046,0.2414
654_fri_c0_500_10,regression,friedman,500,10,A11 A21 A31 A41 A53 A61,EN4,0.8797,EN2,0.8621,0.8797,0.8714,0.8786,,0.6724,-0.0086,,,,19,0,0.0175,0.0,0.0083,0.2073
657_fri_c2_250_10,regression,friedman,250,10,A11 A21 A31 A41 A54 A61,TR3,0.8807,EN2,0.8666,0.8807,0.8574,0.8661,,0.4639,-0.0622,,,,19,0,0.0141,0.0,0.0232,0.4167
658_fri_c3_250_25,regression,friedman,250,25,A11 A21 A31 A41 A54 A61,EN2,0.8012,EN2,0.8012,0.8012,0.7578,0.7943,,0.2833,-0.9018,,,,19,0,0.0,0.0,0.0433,0.5179
666_rmftsa_ladata,regression,666_rmftsa_ladata,508,10,A11 A21 A31 A41 A54 A61,LM6,0.616,EN2,0.5438,0.5741,0.4509,0.5302,,0.5034,0.2259,,,,19,0,0.0722,0.0419,0.1651,0.1126
690_visualizing_galaxy,regression,690_visualizing_galaxy,323,4,A11 A21 A31 A41 A54 A61,TR3,0.9729,EN2,0.9718,0.9729,0.968,0.9748,,-19.1508,-207.4158,,,,19,0,0.0011,0.0,0.0049,20.1237
695_chatfield_4,regression,695_chatfield_4,235,12,A11 A21 A31 A41 A54 A61,LM4,0.8598,EN2,0.7768,0.8252,0.8051,0.782,,0.7849,0.3734,,,,19,0,0.083,0.0346,0.0548,0.0749
712_chscase_geyser1,regression,712_chscase_geyser1,222,2,A11 A21 A31 A41 A54 A61,LM6,0.7661,EN2,0.7049,0.7503,0.7493,0.7543,,0.5833,-1.8627,,,,19,0,0.0612,0.0158,0.0168,0.1828
Hill_Valley_with_noise,classification,Hill_Valley_with_noise,1212,100,A11 A21 A31 A41 A51 A61,SV1,0.731,TR3,0.6016,0.6016,0.5752,0.5925,,0.592,0.4929,,,,17,0,0.1294,0.1294,0.1558,0.139
Hill_Valley_without_noise,classification,Hill_Valley_without_noise,1212,100,A11 A21 A31 A41 A51 A61,EN6,0.7151,TR3,0.617,0.617,0.6113,0.6079,,0.5989,0.4985,,,,17,0,0.0981,0.0981,0.1038,0.1163
agaricus_lepiota,classification,mushroom,5000,22,A11 A21 A38 A41 A51 A61,TR2,1.0,TR3,1.0,1.0,1.0,1.0,,0.9988,0.9858,,,,17,0,0.0,0.0,0.0,0.0012
allbp,classification,thyroid_garvan,3772,29,A11 A21 A38 A41 A52 A61,TR1,0.7257,TR3,0.4753,0.6869,0.5028,0.6252,,0.5474,0.4542,,,,17,0,0.2503,0.0388,0.2228,0.1783
allhyper,classification,thyroid_garvan,3771,29,A11 A21 A38 A41 A52 A61,TR1,0.7086,TR3,0.4454,0.6541,0.5754,0.6331,,0.4821,0.2785,,,,17,0,0.2632,0.0545,0.1332,0.2265
allhypo,classification,thyroid_garvan,3770,29,A11 A21 A38 A41 A52 A61,EN2,0.8926,TR3,0.5657,0.8912,0.8696,0.7462,,0.623,0.3333,,,,17,0,0.3269,0.0014,0.0231,0.2696
allrep,classification,thyroid_garvan,3772,29,A11 A21 A38 A41 A52 A61,DR4,0.7814,TR3,0.5107,0.7362,0.7441,0.7298,,0.5383,0.25,,,,17,0,0.2708,0.0453,0.0373,0.2431
analcatdata_authorship,classification,analcatdata_authorship,841,70,A11 A21 A38 A41 A51 A61,LM2,0.9992,TR3,0.9915,0.9915,0.9855,0.9969,0.9984,0.9775,0.9098,,,,17,0,0.0076,0.0076,0.0137,0.0216
analcatdata_dmft,classification,analcatdata_dmft,797,4,A11 A21 A32 A41 A51 A61,EN7,0.2247,TR3,0.2056,0.2078,0.2147,0.2056,0.1742,0.2071,0.1923,0.2114,LM2,needs A31 data (yours is A32),13,4,0.0192,0.0169,0.01,0.0177
analcatdata_germangss,classification,analcatdata_germangss,400,5,A11 A21 A38 A41 A51 A61,EN6,0.3925,TR3,0.0375,0.3875,0.365,0.39,0.475,0.2857,0.0375,,,,17,0,0.355,0.005,0.0275,0.1068
analcatdata_lawsuit,classification,analcatdata_lawsuit,264,4,A11 A21 A38 A41 A52 A61,EN1,0.9709,TR3,0.8689,0.9689,0.8959,0.973,0.9418,0.8629,0.725,,,,17,0,0.102,0.002,0.075,0.108
ann_thyroid,classification,ann_thyroid,5000,21,A11 A21 A38 A41 A52 A61,TR1,0.9925,TR3,0.8424,0.9831,0.9817,0.935,,0.7884,0.4425,,,,17,0,0.1501,0.0094,0.0107,0.2041
auto_insurance_price,regression,auto_insurance,201,23,A11 A21 A38 A42 A54 A62,EN2,0.9214,EN2,0.9214,0.9214,0.8689,0.9055,,0.4692,-2.5874,,,,19,0,0.0,0.0,0.0525,0.4522
balance_scale,classification,balance_scale,625,4,A11 A21 A32 A41 A51 A61,NN2,1.0,TR3,0.5938,0.6915,0.6599,0.7563,0.9919,0.666,0.5485,0.6839,PR1,needs A31 data (yours is A32),13,4,0.4062,0.3085,0.3401,0.334
banana,classification,banana,5000,2,A11 A21 A31 A41 A51 A61,NN2,0.899,TR3,0.8893,0.8938,0.8931,0.8991,,0.7748,0.5219,,,,17,0,0.0097,0.0052,0.0058,0.1241
biomed,classification,biomed,209,8,A11 A21 A38 A41 A51 A61,EN4,0.9016,TR3,0.8888,0.9016,0.8905,0.8926,0.8704,0.8597,0.7974,,,,17,0,0.0127,0.0,0.0111,0.0418
breast_cancer,classification,breast_cancer,286,9,A11 A21 A38 A41 A51 A61,TR2,0.6376,TR3,0.6275,0.6376,0.5962,0.61,0.607,0.6086,0.5722,,,,17,0,0.0101,0.0,0.0415,0.0291
breast_cancer_wisconsin_diagnostic,classification,breast_cancer_wisconsin_diagnostic,569,30,A11 A21 A31 A41 A51 A61,LM2,0.9746,TR3,0.9637,0.9637,0.96,0.9698,0.9817,0.9581,0.9232,,,,17,0,0.0109,0.0109,0.0146,0.0165
breast_cancer_wisconsin_original,classification,breast_cancer_wisconsin_original,699,9,A11 A21 A31 A41 A51 A62,IB1,0.9672,TR3,0.9629,0.9661,0.9557,0.9536,0.9661,0.9561,0.9262,,,,17,0,0.0043,0.0011,0.0116,0.0111
bupa,classification,bupa,345,5,A11 A21 A31 A41 A51 A61,DR4,0.6364,TR3,0.5858,0.5858,0.5998,0.5803,0.6188,0.5926,0.5022,,,,17,0,0.0506,0.0506,0.0366,0.0438
calendarDOW,classification,calendarDOW,399,32,A11 A21 A38 A41 A51 A61,DR4,0.6138,TR3,0.5726,0.5884,0.5815,0.57,,0.5758,0.5147,,,,17,0,0.0412,0.0254,0.0323,0.038
car_evaluation,classification,car_evaluation,1728,6,A11 A21 A32 A41 A51 A61,EN4,0.987,TR3,0.9049,0.987,0.9793,0.9838,,0.8248,0.5048,0.8628,PR1,needs A31 data (yours is A32),13,4,0.0821,0.0,0.0077,0.1622
cars,classification,cars,392,8,A11 A21 A38 A41 A51 A61,BASE-HGB,0.9701,TR3,0.872,0.9508,0.9701,0.9411,0.8014,0.784,0.6491,,,,17,0,0.0981,0.0193,0.0,0.1861
chess,classification,chess_krkp,3196,36,A11 A21 A32 A41 A51 A61,BASE-HGB,0.9959,TR3,0.992,0.9953,0.9959,0.9962,,0.9778,0.9406,0.9648,LM2,needs A31 data (yours is A32),13,4,0.0039,0.0006,0.0,0.0181
churn,classification,churn,5000,20,A11 A21 A38 A41 A52 A61,EN3,0.8558,TR3,0.7865,0.8558,0.8552,0.8661,,0.7322,0.5831,,,,17,0,0.0693,0.0,0.0005,0.1236
coil2000,classification,coil2000,5000,85,A11 A21 A38 A41 A52 A61,NN2,0.5594,TR3,0.5357,0.5528,0.5376,0.5367,,0.5219,0.4999,,,,17,0,0.0237,0.0065,0.0218,0.0375
collins,classification,collins,485,23,A11 A21 A38 A41 A51 A61,PR1,1.0,TR3,0.9927,0.9927,0.971,0.9822,,0.8048,0.2462,,,,17,0,0.0073,0.0073,0.029,0.1952
congressional_voting_records,classification,congressional_voting_records,435,16,A11 A21 A32 A41 A51 A61,EN1,0.96,TR3,0.9544,0.9544,0.9513,0.9525,0.955,0.9523,0.9419,0.9582,LM2,needs A31 data (yours is A32),13,4,0.0056,0.0056,0.0087,0.0077
contraceptive_method,classification,contraceptive_method,1473,9,A11 A21 A38 A41 A51 A61,EN7,0.5252,TR3,0.4639,0.4925,0.4863,0.4894,,0.484,0.4106,,,,17,0,0.0613,0.0327,0.0389,0.0413
credit_approval_australia,classification,credit_approval_australia,690,15,A11 A21 A38 A41 A51 A62,TR2,0.8732,TR3,0.8624,0.8732,0.8594,0.8648,0.8696,0.8509,0.8136,,,,17,0,0.0107,0.0,0.0138,0.0223
credit_approval_germany,classification,credit_approval_germany,1000,20,A11 A21 A38 A41 A51 A61,PR1,0.7086,TR3,0.6698,0.6883,0.6688,0.6757,0.6731,0.6637,0.6167,,,,17,0,0.0388,0.0202,0.0398,0.0448
dermatology,classification,dermatology,366,34,A11 A21 A38 A41 A51 A61,EN7,0.9769,TR3,0.9729,0.9729,0.9588,0.9607,,0.931,0.5539,,,,17,0,0.0041,0.0041,0.0181,0.0459
dis,classification,thyroid_garvan,3772,29,A11 A21 A38 A41 A52 A61,EN4,0.7416,TR3,0.5255,0.7416,0.732,0.7595,,0.5739,0.4999,,,,17,0,0.2161,0.0,0.0096,0.1677
ecoli,classification,ecoli,327,7,A11 A21 A31 A41 A51 A61,DR4,0.8493,TR3,0.813,0.8283,0.8047,0.7835,0.7701,0.7984,0.6454,,,,17,0,0.0363,0.0211,0.0446,0.0509
first_principles_supernovae_zg,regression,first_principles_supernovae_zg,243,1,A11 A21 A31 A41 A54 A61,TR3,0.9996,EN2,0.9992,0.9996,0.9443,0.998,,0.7345,-0.0091,,,,19,0,0.0005,0.0,0.0553,0.2651
first_principles_supernovae_zr,regression,first_principles_supernovae_zr,236,1,A11 A21 A31 A41 A54 A61,TR3,0.999,EN2,0.9981,0.999,0.68,0.9954,,0.7095,-0.0165,,,,19,0,0.0009,0.0,0.319,0.2895
haberman,classification,haberman,306,3,A11 A21 A31 A41 A51 A61,SV2,0.5781,TR3,0.5435,0.5557,0.5413,0.5663,0.5902,0.5505,0.5113,,,,17,0,0.0346,0.0225,0.0368,0.0277
heart_disease_cleveland,classification,heart_disease_cleveland,303,13,A11 A21 A38 A41 A51 A62,LM2,0.8487,TR3,0.807,0.8193,0.8066,0.7943,0.8289,0.8124,0.745,,,,17,0,0.0417,0.0294,0.0421,0.0363
heart_disease_hungarian,classification,heart_disease_hungarian,294,13,A11 A21 A38 A41 A51 A62,EN6,0.8109,TR3,0.7669,0.7888,0.7715,0.7701,0.8068,0.7844,0.7204,,,,17,0,0.044,0.0221,0.0394,0.0265
heart_disease_va_long_beach,classification,heart_disease_va_long_beach,200,13,A11 A21 A38 A41 A51 A62,PR1,0.5997,TR3,0.5892,0.5892,0.5475,0.5705,0.6005,0.5707,0.5443,,,,17,0,0.0105,0.0105,0.0522,0.029
horse_colic_lesion_type,classification,horse_colic,368,20,A11 A21 A38 A41 A51 A62,PR1,0.3915,TR3,0.3425,0.3568,0.344,0.3561,0.3481,0.3456,0.2713,,,,17,0,0.049,0.0346,0.0475,0.0459
horse_colic_outcome,classification,horse_colic,366,21,A11 A21 A38 A41 A51 A62,BASE-HGB,0.6185,TR3,0.5014,0.5859,0.6185,0.5759,0.5245,0.5391,0.4623,,,,17,0,0.1171,0.0327,0.0,0.0794
horse_colic_surgery,classification,horse_colic,368,20,A11 A21 A38 A41 A51 A62,PR1,0.743,TR3,0.7165,0.7376,0.7306,0.725,0.7099,0.7025,0.6459,,,,17,0,0.0265,0.0054,0.0124,0.0404
hypothyroid,classification,thyroid_garvan,3163,25,A11 A21 A38 A41 A52 A61,BASE-HGB,0.8869,TR3,0.75,0.8801,0.8869,0.8966,,0.728,0.5033,,,,17,0,0.137,0.0068,0.0,0.159
ionosphere,classification,ionosphere,351,34,A11 A21 A38 A41 A51 A61,EN2,0.9271,TR3,0.9219,0.9219,0.9191,0.9254,0.9424,0.8744,0.763,,,,17,0,0.0052,0.0052,0.008,0.0527
irish,classification,irish,500,5,A11 A21 A38 A41 A51 A61,LM2,1.0,TR3,1.0,1.0,0.9833,0.9915,1.0,0.995,0.9676,,,,17,0,0.0,0.0,0.0167,0.005
kr_vs_kp,classification,chess_krkp,3196,36,A11 A21 A32 A41 A51 A61,TR1,0.9953,TR3,0.9927,0.993,0.9927,0.9931,,0.9765,0.941,0.966,LM2,needs A31 data (yours is A32),13,4,0.0026,0.0023,0.0026,0.0188
led24,classification,led,3200,24,A11 A21 A32 A41 A51 A61,DR4,0.7297,TR3,0.7127,0.718,0.6979,0.71,,0.6999,0.5789,0.7232,PR1,needs A31 data (yours is A32),13,4,0.017,0.0117,0.0317,0.0298
led7,classification,led,3200,7,A11 A21 A32 A41 A51 A61,EN7,0.7337,TR3,0.726,0.7282,0.7238,0.7272,,0.7255,0.6997,0.7298,LM2,needs A31 data (yours is A32),13,4,0.0077,0.0056,0.0099,0.0083
letter,classification,letter,5000,16,A11 A21 A31 A41 A53 A61,TR3,0.9324,TR3,0.9324,0.9324,0.9169,0.9163,,0.7768,0.2977,,,,16,0,0.0,0.0,0.0156,0.1556
magic,classification,magic,5000,10,A11 A21 A31 A41 A51 A61,TR2,0.8427,TR3,0.8341,0.8427,0.8378,0.8417,,0.7844,0.6459,,,,17,0,0.0086,0.0,0.0049,0.0583
mfeat_fourier,classification,mfeat,2000,76,A11 A21 A31 A41 A51 A61,BASE-HGB,0.846,TR3,0.8325,0.8445,0.846,0.838,,0.7998,0.629,,,,16,0,0.0135,0.0015,0.0,0.0462
mfeat_karhunen,classification,mfeat,2000,64,A11 A21 A31 A41 A51 A61,SV2,0.9755,TR3,0.9685,0.9685,0.959,0.9635,,0.9312,0.7215,,,,16,0,0.007,0.007,0.0165,0.0443
mfeat_morphological,classification,mfeat,2000,6,A11 A21 A38 A41 A51 A61,EN6,0.761,TR3,0.703,0.711,0.6955,0.696,,0.7013,0.597,,,,17,0,0.058,0.05,0.0655,0.0597
mfeat_zernike,classification,mfeat,2000,47,A11 A21 A31 A41 A51 A61,EN6,0.8798,TR3,0.789,0.7917,0.7912,0.797,,0.7829,0.5762,,,,16,0,0.0908,0.0882,0.0887,0.0969
mofn_3_7_10,classification,mofn_3_7_10,1324,10,A11 A21 A32 A41 A52 A61,LM2,1.0,TR3,1.0,1.0,1.0,1.0,,0.9987,0.9863,1.0,LM2,needs A31 data (yours is A32),13,4,0.0,0.0,0.0,0.0013
monk1,classification,monk,556,6,A11 A21 A32 A41 A51 A61,TR2,1.0,TR3,1.0,1.0,1.0,1.0,1.0,0.9154,0.7464,0.8741,IB1,needs A31 data (yours is A32),13,4,0.0,0.0,0.0,0.0846
monk2,classification,monk,601,6,A11 A21 A32 A41 A51 A61,NN2,1.0,TR3,0.9133,0.9669,0.9194,0.9814,1.0,0.7429,0.443,0.5138,IB1,needs A31 data (yours is A32),13,4,0.0867,0.0331,0.0806,0.2571
monk3,classification,monk,554,6,A11 A21 A32 A41 A51 A61,EN6,0.9888,TR3,0.9783,0.9802,0.9766,0.9819,0.9835,0.9773,0.9582,0.9714,NN1,needs A31 data (yours is A32),13,4,0.0105,0.0087,0.0122,0.0116
movement_libras,classification,movement_libras,360,90,A11 A21 A31 A42 A51 A61,NN2,0.854,TR3,0.8487,0.8487,0.7664,0.7833,,0.7078,0.2891,,,,17,0,0.0053,0.0053,0.0876,0.1462
mushroom,classification,mushroom,5000,22,A11 A21 A32 A41 A51 A61,TR1,1.0,TR3,1.0,1.0,1.0,1.0,,0.9996,0.9976,0.9994,LM2,needs A31 data (yours is A32),13,4,0.0,0.0,0.0,0.0004
new_thyroid,classification,new_thyroid,215,5,A11 A21 A31 A41 A51 A61,PR1,0.9416,TR3,0.9254,0.9254,0.8981,0.8959,0.966,0.904,0.7968,,,,17,0,0.0162,0.0162,0.0435,0.0376
nikuradse_1,regression,nikuradse_1,362,2,A11 A21 A31 A41 A54 A61,TR3,0.9986,EN2,0.9967,0.9986,0.9937,0.9972,,0.7808,-0.0142,,,,19,0,0.0019,0.0,0.0049,0.2178
nikuradse_2,regression,nikuradse_2,362,1,A11 A21 A31 A41 A54 A61,EN6,0.9706,EN2,0.9701,0.9701,0.9119,0.9649,,0.5807,-0.1812,,,,19,0,0.0005,0.0005,0.0587,0.3899
nursery,classification,nursery,5000,8,A11 A21 A32 A41 A51 A61,EN4,0.9972,TR3,0.9031,0.9972,0.9951,0.9978,,0.8427,0.4416,0.8748,PR1,needs A31 data (yours is A32),13,4,0.0941,0.0,0.0022,0.1546
optdigits,classification,optdigits,5000,64,A11 A21 A31 A41 A51 A61,EN6,0.9856,TR3,0.9851,0.9851,0.9811,0.9829,,0.944,0.7573,,,,16,0,0.0005,0.0005,0.0045,0.0415
page_blocks,classification,page_blocks,5000,10,A11 A21 A31 A41 A52 A61,TR2,0.8476,TR3,0.8124,0.8476,0.8158,0.8073,,0.7478,0.6151,,,,17,0,0.0352,0.0,0.0319,0.0998
parity5+5,classification,parity5+5,1124,10,A11 A21 A32 A41 A51 A61,NN2,1.0,TR3,0.6586,0.9976,0.9691,1.0,,0.6141,0.3169,0.5306,IB1,needs A31 data (yours is A32),13,4,0.3414,0.0024,0.0309,0.3859
pendigits,classification,pendigits,5000,16,A11 A21 A31 A41 A51 A61,SV2,0.9921,TR3,0.9894,0.9894,0.9875,0.9878,,0.9377,0.6351,,,,17,0,0.0028,0.0028,0.0046,0.0545
penguins,classification,penguins,344,7,A11 A21 A38 A41 A51 A62,NN2,0.9973,TR3,0.99,0.99,0.983,0.9831,0.9952,0.9807,0.8708,,,,17,0,0.0074,0.0074,0.0143,0.0167
phoneme,classification,phoneme,5000,5,A11 A21 A31 A41 A51 A61,TR3,0.8842,TR3,0.8842,0.8842,0.8681,0.8735,,0.7932,0.6478,,,,17,0,0.0,0.0,0.0161,0.091
prnn_crabs,classification,prnn_crabs,200,7,A11 A21 A38 A41 A51 A61,DR4,1.0,TR3,0.96,0.96,0.895,0.955,0.995,0.9335,0.61,,,,17,0,0.04,0.04,0.105,0.0665
prnn_synth,classification,prnn_synth,250,2,A11 A21 A31 A41 A51 A61,LM2,0.868,TR3,0.856,0.856,0.848,0.852,0.868,0.8438,0.796,,,,17,0,0.012,0.012,0.02,0.0242
profb,classification,profb,672,9,A11 A21 A38 A41 A51 A61,NN1,0.5809,TR3,0.5538,0.5736,0.5691,0.548,0.5099,0.5545,0.5032,,,,17,0,0.0271,0.0073,0.0119,0.0265
ring,classification,ring,5000,20,A11 A21 A31 A41 A51 A61,PR1,0.9791,TR3,0.9737,0.9737,0.9696,0.9716,,0.8693,0.6468,,,,17,0,0.0054,0.0054,0.0095,0.1098
saheart,classification,saheart,462,9,A11 A21 A38 A41 A51 A61,LM2,0.6877,TR3,0.6236,0.6319,0.6173,0.5921,0.679,0.6366,0.5552,,,,17,0,0.0642,0.0559,0.0704,0.0512
satimage,classification,satimage,5000,36,A11 A21 A31 A41 A51 A61,BASE-HGB,0.8966,TR3,0.8864,0.894,0.8966,0.9001,,0.8357,0.6999,,,,17,0,0.0102,0.0026,0.0,0.0609
schizo,classification,schizo,340,14,A11 A21 A38 A41 A51 A61,PR1,0.4248,TR3,0.3905,0.3905,0.376,0.3954,0.365,0.3881,0.3538,,,,17,0,0.0343,0.0343,0.0488,0.0367
segmentation,classification,segmentation,2310,19,A11 A21 A38 A41 A51 A61,BASE-HGB,0.984,TR3,0.9766,0.9823,0.984,0.9835,,0.9338,0.7948,,,,17,0,0.0074,0.0017,0.0,0.0502
solar_flare,regression,solar_flare,1066,10,A11 A21 A32 A41 A53 A61,LM7,0.1319,EN2,-0.0206,0.0025,0.0024,0.041,,-0.1167,-0.383,0.1319,LM7,needs A31 data (yours is A32),14,5,0.1525,0.1294,0.1295,0.2486
sonar,classification,sonar,208,60,A11 A21 A31 A42 A51 A61,EN4,0.8534,TR3,0.8417,0.8534,0.8527,0.8928,0.8616,0.7872,0.7032,,,,17,0,0.0117,0.0,0.0007,0.0663
soybean,classification,soybean,675,35,A11 A21 A32 A41 A51 A61,PR1,0.9724,TR3,0.9639,0.9646,0.9611,0.9623,,0.8898,0.1327,0.9724,PR1,needs A31 data (yours is A32),13,4,0.0085,0.0079,0.0114,0.0826
spambase,classification,spambase,4601,57,A11 A21 A31 A43 A51 A61,EN4,0.9551,TR3,0.955,0.9551,0.9534,0.9547,,0.9199,0.8448,,,,17,0,0.0001,0.0,0.0017,0.0353
spect,classification,spect,267,22,A11 A21 A32 A41 A52 A61,NN2,0.7282,TR3,0.7273,0.7273,0.7027,0.7074,0.6921,0.7017,0.6757,0.6871,LM2,needs A31 data (yours is A32),13,4,0.0009,0.0009,0.0255,0.0265
spectf,classification,spectf,349,44,A11 A21 A31 A42 A51 A61,EN3,0.9073,TR3,0.8868,0.9073,0.8969,0.8988,0.8942,0.8272,0.7034,,,,17,0,0.0205,0.0,0.0105,0.0801
splice,classification,splice,3188,60,A11 A21 A32 A41 A51 A61,EN3,0.9645,TR3,0.9642,0.9645,0.9643,0.9665,,0.9548,0.9239,0.9462,LM2,needs A31 data (yours is A32),13,4,0.0004,0.0,0.0003,0.0098
strogatz_bacres1,regression,strogatz,400,2,A11 A21 A31 A41 A53 A61,TR3,0.9998,EN2,0.9983,0.9998,0.9762,0.9976,,0.9623,0.6759,,,,19,0,0.0015,0.0,0.0237,0.0376
strogatz_bacres2,regression,strogatz,400,2,A11 A21 A31 A41 A53 A61,LM6,0.9991,EN2,0.9968,0.9989,0.9837,0.9944,,0.958,0.6566,,,,19,0,0.0023,0.0002,0.0154,0.0411
strogatz_barmag1,regression,strogatz,400,2,A11 A21 A31 A41 A54 A61,EN2,0.9862,EN2,0.9862,0.9862,0.9629,0.985,,0.812,-0.0405,,,,19,0,0.0,0.0,0.0233,0.1742
strogatz_barmag2,regression,strogatz,400,2,A11 A21 A31 A41 A54 A61,TR3,0.9971,EN2,0.9898,0.9971,0.9373,0.9842,,0.4552,-1.9962,,,,19,0,0.0073,0.0,0.0598,0.5419
strogatz_glider1,regression,strogatz,400,2,A11 A21 A31 A41 A54 A61,TR3,0.9773,EN2,0.9647,0.9773,0.9352,0.9548,,0.4796,-0.0395,,,,19,0,0.0125,0.0,0.0421,0.4976
strogatz_glider2,regression,strogatz,400,2,A11 A21 A31 A41 A54 A61,TR3,0.9645,EN2,0.9562,0.9645,0.8888,0.9217,,0.7633,-0.0228,,,,19,0,0.0083,0.0,0.0757,0.2012
strogatz_lv1,regression,strogatz,400,2,A11 A21 A31 A41 A54 A61,LM6,0.9965,EN2,0.6082,0.7295,-6.7168,-3.4299,,-3.2527,-15.8574,,,,19,0,0.3883,0.2669,7.7133,4.2492
strogatz_lv2,regression,strogatz,400,2,A11 A21 A31 A41 A54 A61,LM6,0.9817,EN2,-0.555,0.8099,-2.0182,0.505,,-0.2444,-2.6217,,,,19,0,1.5367,0.1717,2.9999,1.2261
strogatz_predprey1,regression,strogatz,400,2,A11 A21 A31 A41 A53 A61,NN2,0.9865,EN2,0.9562,0.9862,0.5315,0.7433,,0.6918,0.2309,,,,19,0,0.0303,0.0003,0.455,0.2947
strogatz_predprey2,regression,strogatz,400,2,A11 A21 A31 A41 A53 A61,TR3,0.9974,EN2,0.9893,0.9974,0.9869,0.9904,,0.8791,-0.0232,,,,19,0,0.0082,0.0,0.0105,0.1184
strogatz_shearflow1,regression,strogatz,400,2,A11 A21 A31 A41 A54 A61,TR3,0.9899,EN2,0.9022,0.9899,0.7409,0.8455,,0.4872,-0.3043,,,,19,0,0.0876,0.0,0.2489,0.5027
strogatz_shearflow2,regression,strogatz,400,2,A11 A21 A31 A41 A54 A61,TR3,0.9947,EN2,0.9359,0.9947,0.9225,0.915,,0.6176,-0.0167,,,,19,0,0.0588,0.0,0.0722,0.3771
strogatz_vdp1,regression,strogatz,400,2,A11 A21 A31 A41 A53 A61,TR3,0.9844,EN2,0.9077,0.9844,0.7719,0.9181,,0.5666,-0.0019,,,,19,0,0.0767,0.0,0.2125,0.4178
strogatz_vdp2,regression,strogatz,400,2,A11 A21 A31 A41 A53 A61,LM1,1.0,EN2,0.9998,0.9999,0.9983,0.9998,,0.855,-0.0156,,,,19,0,0.0002,0.0001,0.0017,0.145
texture,classification,texture,5000,40,A11 A21 A31 A41 A51 A61,NN2,0.9974,TR3,0.983,0.9848,0.9862,0.9884,,0.947,0.6018,,,,16,0,0.0144,0.0126,0.0112,0.0504
threeOf9,classification,threeOf9,512,9,A11 A21 A32 A41 A51 A61,EN2,1.0,TR3,0.994,1.0,1.0,1.0,0.9939,0.9474,0.8008,0.9446,IB1,needs A31 data (yours is A32),13,4,0.006,0.0,0.0,0.0526
tic_tac_toe,classification,tic_tac_toe,958,9,A11 A21 A32 A41 A51 A61,TR3,0.9885,TR3,0.9885,0.9885,0.9836,0.994,0.9718,0.959,0.765,0.9759,LM2,needs A31 data (yours is A32),13,4,0.0,0.0,0.0048,0.0295
titanic,classification,titanic,2207,8,A11 A21 A38 A41 A51 A62,BASE-HGB,0.7549,TR3,0.7151,0.7479,0.7549,0.7536,,0.7261,0.6203,,,,17,0,0.0398,0.0069,0.0,0.0287
tokyo1,classification,tokyo1,959,44,A11 A21 A38 A41 A51 A61,TR3,0.9315,TR3,0.9315,0.9315,0.9208,0.9239,0.9206,0.9129,0.8519,,,,17,0,0.0,0.0,0.0107,0.0186
twonorm,classification,twonorm,5000,20,A11 A21 A31 A41 A51 A61,PR1,0.9808,TR3,0.9782,0.9782,0.9712,0.9728,,0.9663,0.8328,,,,17,0,0.0026,0.0026,0.0096,0.0145
vehicle,classification,vehicle,846,18,A11 A21 A31 A41 A51 A61,NN2,0.8548,TR3,0.7585,0.7591,0.7581,0.7719,0.8391,0.7375,0.4673,,,,17,0,0.0963,0.0957,0.0967,0.1174
vowel,classification,vowel,990,13,A11 A21 A38 A41 A51 A61,TR3,0.9869,TR3,0.9869,0.9869,0.9525,0.9394,,0.7851,0.3566,,,,17,0,0.0,0.0,0.0343,0.2018
waveform_21,classification,waveform,5000,21,A11 A21 A31 A41 A51 A61,LM2,0.8688,TR3,0.8617,0.8617,0.8461,0.8441,,0.8395,0.7578,,,,17,0,0.0072,0.0072,0.0227,0.0294
waveform_40,classification,waveform,5000,40,A11 A21 A31 A41 A51 A61,SV1,0.8672,TR3,0.864,0.864,0.8531,0.8542,,0.8366,0.7422,,,,17,0,0.0032,0.0032,0.0141,0.0306
wine_quality_red,classification,wine_quality_red,1599,11,A11 A21 A31 A41 A51 A61,EN4,0.3643,TR3,0.3527,0.3643,0.355,0.3604,,0.3136,0.2367,,,,17,0,0.0116,0.0,0.0093,0.0507
wine_quality_white,classification,wine_quality_white,4898,11,A11 A21 A31 A41 A51 A61,EN3,0.3912,TR3,0.3877,0.3912,0.3871,0.3899,,0.2905,0.198,,,,17,0,0.0034,0.0,0.004,0.1007
xd6,classification,xd6,973,9,A11 A21 A32 A41 A51 A61,TR1,1.0,TR3,1.0,1.0,1.0,1.0,1.0,0.9436,0.7604,0.9766,IB1,needs A31 data (yours is A32),13,4,0.0,0.0,0.0,0.0564
yeast,classification,yeast,1479,8,A11 A21 A31 A41 A51 A61,DR4,0.5348,TR3,0.5226,0.5308,0.4787,0.5229,,0.4808,0.3438,,,,17,0,0.0122,0.004,0.0561,0.054
